-- MySQL dump 10.13  Distrib 5.7.15, for osx10.11 (x86_64)
--
-- Host: localhost    Database: webdoctor
-- ------------------------------------------------------
-- Server version	5.7.15

/*!40101 SET @OLD_CHARACTER_SET_CLIENT=@@CHARACTER_SET_CLIENT */;
/*!40101 SET @OLD_CHARACTER_SET_RESULTS=@@CHARACTER_SET_RESULTS */;
/*!40101 SET @OLD_COLLATION_CONNECTION=@@COLLATION_CONNECTION */;
/*!40101 SET NAMES utf8 */;
/*!40103 SET @OLD_TIME_ZONE=@@TIME_ZONE */;
/*!40103 SET TIME_ZONE='+00:00' */;
/*!40014 SET @OLD_UNIQUE_CHECKS=@@UNIQUE_CHECKS, UNIQUE_CHECKS=0 */;
/*!40014 SET @OLD_FOREIGN_KEY_CHECKS=@@FOREIGN_KEY_CHECKS, FOREIGN_KEY_CHECKS=0 */;
/*!40101 SET @OLD_SQL_MODE=@@SQL_MODE, SQL_MODE='NO_AUTO_VALUE_ON_ZERO' */;
/*!40111 SET @OLD_SQL_NOTES=@@SQL_NOTES, SQL_NOTES=0 */;

--
-- Table structure for table `article`
--

DROP TABLE IF EXISTS `article`;
/*!40101 SET @saved_cs_client     = @@character_set_client */;
/*!40101 SET character_set_client = utf8 */;
CREATE TABLE `article` (
  `id` int(11) NOT NULL AUTO_INCREMENT,
  `author_name` varchar(20) DEFAULT NULL,
  `title` varchar(1000) DEFAULT NULL,
  `time_stamp` timestamp NOT NULL DEFAULT CURRENT_TIMESTAMP,
  `content` mediumtext,
  `disease` varchar(50) DEFAULT NULL,
  PRIMARY KEY (`id`)
) ENGINE=InnoDB AUTO_INCREMENT=32 DEFAULT CHARSET=latin1;
/*!40101 SET character_set_client = @saved_cs_client */;

--
-- Dumping data for table `article`
--

LOCK TABLES `article` WRITE;
/*!40000 ALTER TABLE `article` DISABLE KEYS */;
INSERT INTO `article` VALUES (9,'test_account1','Eggs and Gastritis','2016-11-26 23:26:11','<p>&nbsp;<img src=\"http://img.aws.livestrongcdn.com/ls-article-image-673/cme/cme_public_images/www_livestrong_com/photos.demandstudios.com/getty/article/181/161/488060262_XS.jpg\" alt=\"\" width=\"673\" height=\"448\" /></p>\n<p data-dmc=\"summary\">You may have to avoid eating eggs if you consistently develop symptoms of gastritis, which is an inflammation in the lining of the stomach. Gastritis may be the result of an egg allergy, an egg intolerance or food poisoning. Report severe abdominal pain, blood in stool or vomit to your doctor immediately to prevent further complications. Avoid eating eggs until you can be seen by your doctor.</p>\n<section class=\"article-section\">\n<h2 class=\"header\"><span data-dmc=\"section-headline\">Egg Allergy</span></h2>\n<p data-dmc=\"section\">If eating eggs causes symptoms of gastritis along with other symptoms, you may have an egg allergy. Eggs are one of them most common foods that trigger an allergic reaction. If you&rsquo;re allergic to eggs, your immune system mistakes the proteins in the egg white, the egg yolk or both as a dangerous substance. The body overreacts to the egg proteins, sending a flood of chemicals into the blood stream to attack the proteins. The presence of these proteins causes inflammation in soft tissues throughout the body. An egg allergy may cause inflammation in your digestive system, skin, cardiovascular system and respiratory system. Egg allergies may cause shock in some people, and they can even lead to death in extreme cases.</p>\n</section>\n<p>&nbsp;</p>\n<section class=\"article-section\">\n<h2 class=\"header\"><span data-dmc=\"section-headline\">Egg Intolerance</span></h2>\n<div>&nbsp;</div>\n<p data-dmc=\"section\">The University of Maryland Medical Center reports that about 25 percent of Americans believe they are allergic to a food, but only about 2 percent of the adult population is diagnosed with a food allergy. Many people confuse egg intolerance with an egg allergy. Egg intolerance can cause gastritis, not because of chemical reactions in the body but because of undigested proteins. Egg intolerance occurs when your digestive system is unable to break down the proteins in eggs, leading to inflammation, bloating, gas and diarrhea. Egg intolerance does not involve the immune system and will primarily cause digestive complications.</p>\n<section class=\"article-section\">\n<h2 class=\"header\"><span data-dmc=\"section-headline\">Food Poisoning</span></h2>\n<p data-dmc=\"section\">Food poisoning from eggs can cause gastritis if the eggs you consume are contaminated with parasites, bacteria or viruses, according to MedlinePlus. Inflammation develops in the lining of the stomach and intestines that causes stomach pain, vomiting, nausea and diarrhea. If you suspect that you have food poisoning from eating eggs, call your doctor. In some cases food poisoning may cause severe symptoms. Dehydration is a common concern with food poisoning, so be sure to increase the amount of fluids you drink to prevent dehydration.</p>\n</section>\n<p data-dmc=\"section\">&nbsp;</p>\n<section class=\"article-section\">\n<h2 class=\"header\"><span data-dmc=\"section-headline\">Considerations</span></h2>\n<p data-dmc=\"section\">If you develop gastritis symptoms from eating eggs, you may have a digestive condition. Common digestive conditions that cause gastritis symptoms include Crohn&rsquo;s disease, irritable bowel syndrome and ulcerative colitis. See your doctor for a proper diagnosis and treatment options.</p>\n</section>\n</section>','Gastritis'),(19,'test_account1','What triggers a migraine','2016-12-01 05:19:29','<p style=\"margin: 0px 0px 1.42857em; padding: 0px; border: 0px; font-variant-numeric: inherit; font-stretch: inherit; line-height: inherit; font-family: \'Lucida Grande\', Geneva, Arial, Helvetica, sans-serif; vertical-align: baseline; color: #444444;\">If you suffer from migraine headaches, you\'re not alone. About 12 percent of the U.S. population gets them. Migraines are recurring attacks of moderate to severe pain. The pain is throbbing or pulsing, and is often on one side of the head. During migraines, people are very sensitive to light and sound. They may also become nauseated and vomit.</p>\n<p style=\"margin: 0px 0px 1.42857em; padding: 0px; border: 0px; font-variant-numeric: inherit; font-stretch: inherit; line-height: inherit; font-family: \'Lucida Grande\', Geneva, Arial, Helvetica, sans-serif; vertical-align: baseline; color: #444444;\">Migraine is three times more common in women than in men. Some people can tell when they are about to have a migraine because they see flashing lights or zigzag lines or they temporarily lose their <img src=\"https://medlineplus.gov/images/headache2.jpg\" alt=\"\" width=\"185\" height=\"230\" />vision.</p>\n<p style=\"margin: 0px 0px 1.42857em; padding: 0px; border: 0px; font-variant-numeric: inherit; font-stretch: inherit; line-height: inherit; font-family: \'Lucida Grande\', Geneva, Arial, Helvetica, sans-serif; vertical-align: baseline; color: #444444;\">Many things can trigger a migraine. These include</p>\n<ul style=\"margin: 0px 0px 1.42857em; padding: 0px 0px 0px 2.85714em; border: 0px; font-variant-numeric: inherit; font-stretch: inherit; line-height: inherit; font-family: \'Lucida Grande\', Geneva, Arial, Helvetica, sans-serif; vertical-align: baseline; list-style-position: outside; list-style-image: initial; color: #444444;\">\n<li style=\"margin: 0px 0px 0.28571em; padding: 0px; border: 0px; font-style: inherit; font-variant: inherit; font-weight: inherit; font-stretch: inherit; font-size: inherit; line-height: 1.28571em; font-family: inherit; vertical-align: baseline;\">Anxiety</li>\n<li style=\"margin: 0px 0px 0.28571em; padding: 0px; border: 0px; font-style: inherit; font-variant: inherit; font-weight: inherit; font-stretch: inherit; font-size: inherit; line-height: 1.28571em; font-family: inherit; vertical-align: baseline;\">Stress</li>\n<li style=\"margin: 0px 0px 0.28571em; padding: 0px; border: 0px; font-style: inherit; font-variant: inherit; font-weight: inherit; font-stretch: inherit; font-size: inherit; line-height: 1.28571em; font-family: inherit; vertical-align: baseline;\">Lack of food or sleep</li>\n<li style=\"margin: 0px 0px 0.28571em; padding: 0px; border: 0px; font-style: inherit; font-variant: inherit; font-weight: inherit; font-stretch: inherit; font-size: inherit; line-height: 1.28571em; font-family: inherit; vertical-align: baseline;\">Exposure to light</li>\n<li style=\"margin: 0px 0px 0.28571em; padding: 0px; border: 0px; font-style: inherit; font-variant: inherit; font-weight: inherit; font-stretch: inherit; font-size: inherit; line-height: 1.28571em; font-family: inherit; vertical-align: baseline;\">Hormonal changes (in women)</li>\n</ul>\n<p style=\"margin: 0px 0px 1.42857em; padding: 0px; border: 0px; font-variant-numeric: inherit; font-stretch: inherit; line-height: inherit; font-family: \'Lucida Grande\', Geneva, Arial, Helvetica, sans-serif; vertical-align: baseline; color: #444444;\">Doctors used to believe migraines were linked to the opening and narrowing of blood vessels in the head. Now they believe the cause is related to genes that control the activity of some brain cells. Medicines can help prevent migraine attacks or help relieve symptoms of attacks when they happen. For many people, treatments to relieve stress can also help.</p>\n<p class=\"attribution\" style=\"margin: 0px 0px 0.14286em; padding: 0px; border: 0px; font-style: italic; font-variant-numeric: inherit; font-stretch: inherit; line-height: inherit; font-family: \'Lucida Grande\', Geneva, Arial, Helvetica, sans-serif; vertical-align: baseline; color: #444444;\">NIH: National Institute of Neurological Disorders and Stroke</p>','Migraine'),(29,'test_account1','mashenshen is bad','2016-12-08 03:41:07','<p>mashenshenmashenshenmashenshenmashenshenmashenshenmashenshenmashenshenmashenshenmashenshen</p>','Malaria'),(30,'test_account1','Can the Cold Give You a Cold?','2016-12-08 04:10:26','<p style=\"box-sizing: border-box; color: #333333; font-family: \'Open Sans\', Verdana; font-size: 16px;\">Mom may have warned that you would catch a cold from going outside in chilly weather with a wet head or without a jacket, but experts say it\'s a myth.</p>\n<p style=\"box-sizing: border-box; color: #333333; font-family: \'Open Sans\', Verdana; font-size: 16px;\">\"Bad weather does not cause colds,\" says Carl Olden, MD, a family practitioner in Yakima, Wash., who explains that Alaskans and Canadians living year-round above the Arctic Circle have no more winter colds than folks who live in Australia.</p>\n<p style=\"box-sizing: border-box; color: #333333; font-family: \'Open Sans\', Verdana; font-size: 16px;\">\"These are old wives\' tales from an era when we had no ability to treat fever or other complications of infection. Folks created myths to explain what happens to protect their children from getting sick.\"</p>\n<h2 style=\"box-sizing: border-box; font-weight: 400; line-height: 38px; margin: 45px 0px 30px; font-size: 24px; font-family: \'Open Sans\', Verdana;\"><span style=\"box-sizing: border-box;\">Cold Weather Myths</span></h2>\n<p style=\"box-sizing: border-box; color: #333333; font-family: \'Open Sans\', Verdana; font-size: 16px;\" data-spx-slot=\"1\">Cold weather\'s association with colds probably evolved from confusion, similar to beliefs about the origin of malaria. \"Bad air around swamps was once believed to cause malaria,\" says Anatoly Belilovsky, MD, a pediatrician in Brooklyn, N.Y. \"Mosquitoes, also plentiful in swampy areas, actually carried the disease. Cold air and respiratory disease are connected, but the connection is more complicated than just \'cold causes colds.\'\"</p>\n<p style=\"box-sizing: border-box; color: #333333; font-family: \'Open Sans\', Verdana; font-size: 16px;\">On the contrary, cold weather appears to stimulate the immune system, according to a study by the Army Research Institute of Environmental Medicine, says Dr. Belilovsky. \"Researchers examined the immunological responses to cold exposure and found that acute cold exposure, such as going outside without a jacket, actually appears to activate the immune system.\" This occurs in part by increasing the levels of circulating&nbsp;<a style=\"box-sizing: border-box; background-color: transparent; color: #005cb7;\" href=\"http://www.everydayhealth.com/norepinephrine/guide/\">norepinephrine</a>, one of the body\'s&nbsp;<a style=\"box-sizing: border-box; background-color: transparent; color: #005cb7;\" href=\"http://www.everydayhealth.com/hormones/guide/\">hormones</a>, which works as a natural decongestant.</p>\n<h2 style=\"box-sizing: border-box; font-weight: 400; line-height: 38px; margin: 45px 0px 30px; font-size: 24px; font-family: \'Open Sans\', Verdana;\"><span style=\"box-sizing: border-box;\">Weather as an Indirect Cause of the Cold</span></h2>\n<p style=\"box-sizing: border-box; color: #333333; font-family: \'Open Sans\', Verdana; font-size: 16px;\">While simply stepping outside in&nbsp;<a style=\"box-sizing: border-box; background-color: transparent; color: #005cb7;\" href=\"http://www.everydayhealth.com/fitness-specialist/dressing-for-cold-weather-exercise.aspx\">cold weather</a>&nbsp;without a jacket doesn\'t cause a cold, hypothermia (the lowering of the body\'s core temperature) suppresses immunity, which can lead to colds. \"Most cold symptoms are produced by the body\'s immune system physically responding to the rhinovirus,\" says Belilovsky. \"So, someone with a stronger immune system in the cold will produce more [mucus], while the one with the weaker immune system will sniffle longer, but less dramatically.\" The person with the weaker immune system probably will have more complications, such as sinusitis or&nbsp;<a style=\"box-sizing: border-box; background-color: transparent; color: #005cb7;\" href=\"http://www.everydayhealth.com/ear-nose-throat/ear-infection.aspx\">ear infections</a>, Belilovsky adds.</p>\n<p style=\"box-sizing: border-box; color: #333333; font-family: \'Open Sans\', Verdana; font-size: 16px;\">Cold weather may be indirectly responsible for colds, however. Vasoconstriction &mdash; when blood vessels close to the outside of the body, such as those found in the nose, narrow &mdash; leads to dryness. \"This dryness compromises the nose\'s ability to filter infections,\" Belilovsky explains. \"On returning to warm air, rebound vasodilation occurs, where your hands get pink and your nose starts running as blood returns to it.\" The cycle continues if the runny nose is severe enough to cause mouth breathing. Bypassing the nose\'s ability to filter inhaled air, combined with dry indoor air, allows the inhalation of virus-bearing mucus, which may trigger colds and lower respiratory infections.</p>\n<h2 style=\"box-sizing: border-box; font-weight: 400; line-height: 38px; margin: 45px 0px 30px; font-size: 24px; font-family: \'Open Sans\', Verdana;\"><span style=\"box-sizing: border-box;\">Cold-Induced Asthma</span></h2>\n<p style=\"box-sizing: border-box; color: #333333; font-family: \'Open Sans\', Verdana; font-size: 16px;\">&nbsp;</p>\n<p style=\"box-sizing: border-box; color: #333333; font-family: \'Open Sans\', Verdana; font-size: 16px;\">\"Cold-induced asthma can certainly masquerade as a recurrent cold when it is not severe enough to produce acute attacks,\" Belilovsky cautions. People may think that going outside with a wet head or no jacket solely causes a cold, but people in the early stages of an illness may actually feel hot. As a result, they may go outside without proper clothing and return with a full-blown fever. This makes it appear that the cold weather triggered a cold, when it fact it had already been under way.</p>','common cold'),(31,'test_account1','Get the Facts About the Flu','2016-12-08 04:12:01','<p><img src=\"http://images.agoramedia.com/everydayhealth/gcms/Get-the-Facts-about-the-flu-722x406.jpg?width=1440\" alt=\"\" width=\"528\" height=\"297\" /></p>\n<p style=\"box-sizing: border-box; color: #333333; font-family: \'Open Sans\', Verdana; font-size: 16px;\">Flu viruses spread through tiny droplets of fluid that contain the virus. When people with the flu cough, sneeze, or touch something after wiping their noses or mouths, they can pass these droplets to the next person.</p>\n<p style=\"box-sizing: border-box; color: #333333; font-family: \'Open Sans\', Verdana; font-size: 16px;\">When others inhale infected droplets from the air or make contact with infected surfaces and then touch their mouths or noses, they can become infected. The flu can spread up to six feet away, the CDC cautions, and people with the flu can pass their illness to others even before they develop symptoms.</p>\n<h2 style=\"box-sizing: border-box; font-weight: 400; line-height: 38px; margin: 45px 0px 30px; font-size: 24px; font-family: \'Open Sans\', Verdana;\"><span style=\"box-sizing: border-box;\">What Are the Symptoms of the Flu?</span></h2>\n<p style=\"box-sizing: border-box; color: #333333; font-family: \'Open Sans\', Verdana; font-size: 16px;\">If you are infected with the flu virus, your&nbsp;<a style=\"box-sizing: border-box; background-color: transparent; color: #005cb7;\" href=\"http://www.everydayhealth.com/flu/guide/symptoms/\">symptoms</a>&nbsp;probably will develop one to four days later.&nbsp;<a style=\"box-sizing: border-box; background-color: transparent; color: #005cb7;\" href=\"http://www.everydayhealth.com/flu/symptoms/\">Flu symptoms</a>&nbsp;usually come on suddenly and may include:</p>\n<ul style=\"box-sizing: border-box; list-style: none inside; color: #333333; font-family: \'Open Sans\', Verdana; font-size: 16px;\">\n<li style=\"box-sizing: border-box; line-height: inherit; display: table;\">High fever</li>\n<li style=\"box-sizing: border-box; line-height: inherit; display: table;\">Digestive issues like vomiting and diarrhea</li>\n<li style=\"box-sizing: border-box; line-height: inherit; display: table;\">Chills</li>\n<li style=\"box-sizing: border-box; line-height: inherit; display: table;\">Fatigue</li>\n<li style=\"box-sizing: border-box; line-height: inherit; display: table;\">Body aches</li>\n<li style=\"box-sizing: border-box; line-height: inherit; display: table;\">Dry cough and runny nose</li>\n</ul>\n<p style=\"box-sizing: border-box; color: #333333; font-family: \'Open Sans\', Verdana; font-size: 16px;\">In some cases, the flu can lead to other, more serious complications, especially in young children, older adults, and people with preexisting health conditions. Complications of the flu may include:</p>\n<ul style=\"box-sizing: border-box; list-style: none inside; color: #333333; font-family: \'Open Sans\', Verdana; font-size: 16px;\">\n<li style=\"box-sizing: border-box; line-height: inherit; display: table;\"><a style=\"box-sizing: border-box; background-color: transparent; color: #005cb7;\" href=\"http://www.everydayhealth.com/pneumonia/guide/\">Pneumonia</a></li>\n<li style=\"box-sizing: border-box; line-height: inherit; display: table;\">Ear or&nbsp;<a style=\"box-sizing: border-box; background-color: transparent; color: #005cb7;\" href=\"http://www.everydayhealth.com/sinus-infection/guide/\">sinus infection</a></li>\n<li style=\"box-sizing: border-box; line-height: inherit; display: table;\">Convulsions</li>\n<li style=\"box-sizing: border-box; line-height: inherit; display: table;\">Worsening of a pre-existing condition</li>\n<li style=\"box-sizing: border-box; line-height: inherit; display: table;\">Confusion or delirium</li>\n</ul>\n<h2 style=\"box-sizing: border-box; font-weight: 400; line-height: 38px; margin: 45px 0px 30px; font-size: 24px; font-family: \'Open Sans\', Verdana;\"><span style=\"box-sizing: border-box;\">How to Manage the Flu?</span></h2>\n<p style=\"box-sizing: border-box; color: #333333; font-family: \'Open Sans\', Verdana; font-size: 16px;\">Most people can reduce their risk of developing the flu by getting the annual flu vaccine in early fall, recommended for everyone 6 months and older.</p>\n<p style=\"box-sizing: border-box; color: #333333; font-family: \'Open Sans\', Verdana; font-size: 16px;\">Getting vaccinated by October can help ensure that you are protected before flu season begins, but it&rsquo;s never too late in the flu season to get vaccinated, the CDC advises.</p>\n<p style=\"box-sizing: border-box; color: #333333; font-family: \'Open Sans\', Verdana; font-size: 16px;\">Scientists can&rsquo;t predict with 100 percent certainty what each flu season will be like. Each year,the timing, severity, and length of flu season changes, the CDC adds.</p>\n<p style=\"box-sizing: border-box; color: #333333; font-family: \'Open Sans\', Verdana; font-size: 16px;\">Two basic types of viruses cause the flu: A and B. Influenza A can cause moderate to severe illness in people of all ages as well as animals. Influenza B causes milder illness and affects only people, particularly kids, the&nbsp;<a style=\"box-sizing: border-box; background-color: transparent; color: #005cb7;\" href=\"http://primaryimmune.org/about-primary-immunodeficiencies/relevant-info/flu-information/\">Immune Deficiency Foundation</a>&nbsp;(IDF) explains.</p>\n<p style=\"box-sizing: border-box; color: #333333; font-family: \'Open Sans\', Verdana; font-size: 16px;\">Different types of flu viruses are identified by antigens on their surface. These antigens can change or mutate. When a major change or &ldquo;shift&rdquo; occurs, a new flu virus is made, which can cause an epidemic among those who haven&rsquo;t been vaccinated, the IDF adds.</p>\n<p style=\"box-sizing: border-box; color: #333333; font-family: \'Open Sans\', Verdana; font-size: 16px;\">In the 2014-2015 flu season, the majority of circulating influenza A (H3N2) viruses were different from the component of the seasonal vaccines produced for the Northern Hemisphere, which rendered the vaccine less effective, the CDC reports.</p>\n<p style=\"box-sizing: border-box; color: #333333; font-family: \'Open Sans\', Verdana; font-size: 16px;\">Scientists took steps to address this issue in the&nbsp;<a style=\"box-sizing: border-box; background-color: transparent; color: #005cb7;\" href=\"http://www.everydayhealth.com/news/what-you-need-know-about-new-flu-vaccines/\">2015-2016 flu season</a>. &ldquo;This year&rsquo;s flu vaccine was adjusted to include the strain that drifted last year resulting in decreased effectiveness of vaccine last winter, so hopefully the vaccine will be a better match this year and more effective,&rdquo; says&nbsp;<a style=\"box-sizing: border-box; background-color: transparent; color: #005cb7;\" href=\"http://www.wakehealth.edu/Faculty/Ohl-Christopher-A.htm\">Christopher Ohl, MD</a>, professor of internal medicine- infectious diseases at Wake Forest Baptist Medical Center in Winston-Salem, North Carolina.</p>\n<p style=\"box-sizing: border-box; color: #333333; font-family: \'Open Sans\', Verdana; font-size: 16px;\">&ldquo;Influenza vaccine is still the best way to protect against the flu and its complications. Until we have a longer lasting universal vaccine, we all should be getting it every year during the early fall,&rdquo; Dr. Ohl says.</p>\n<p style=\"box-sizing: border-box; color: #333333; font-family: \'Open Sans\', Verdana; font-size: 16px;\">In addition to doctors&rsquo; offices, you can get a flu vaccine at many clinics, health departments, pharmacies, schools, college health centers, and possibly through your employer, the CDC advises.</p>\n<p style=\"box-sizing: border-box; color: #333333; font-family: \'Open Sans\', Verdana; font-size: 16px;\">Consult your doctor before getting the flu vaccine &ndash; especially if you\'ve previously had a severe reaction to the flu vaccine, have an allergy to eggs, have a moderate to severe illness with a fever, or have developed Guillain-Barre syndrome within six weeks of getting a flu vaccine.</p>\n<h2 style=\"box-sizing: border-box; font-weight: 400; line-height: 38px; margin: 45px 0px 30px; font-size: 24px; font-family: \'Open Sans\', Verdana;\"><span style=\"box-sizing: border-box;\">Coping With the Flu</span></h2>\n<p style=\"box-sizing: border-box; color: #333333; font-family: \'Open Sans\', Verdana; font-size: 16px;\">Treatment with&nbsp;<a style=\"box-sizing: border-box; background-color: transparent; color: #005cb7;\" href=\"http://www.everydayhealth.com/cold-flu/taking-antiviral-drugs-as-flu-treatment.aspx\">antivirals</a>&nbsp;can help ease symptoms and help you recover more quickly. They can also help prevent complications among those at high risk, including older people, pregnant women, young children, and people with certain medical conditions.</p>\n<p style=\"box-sizing: border-box; color: #333333; font-family: \'Open Sans\', Verdana; font-size: 16px;\">These drugs works best when taken within 48 hours of getting sick, but they can still help if you take them later on in the course of your illness, the CDC notes.</p>\n<p style=\"box-sizing: border-box; color: #333333; font-family: \'Open Sans\', Verdana; font-size: 16px;\"><a style=\"box-sizing: border-box; background-color: transparent; color: #005cb7;\" href=\"http://www.everydayhealth.com/cold-and-flu/guide-to-flu-treatment.aspx\">If you do get the flu</a>, stay home from work or school to avoid spreading flu to other people. Also, make sure you get plenty of rest, avoid cigarette smoke, and drink lots of fluids.</p>\n<p style=\"box-sizing: border-box; color: #333333; font-family: \'Open Sans\', Verdana; font-size: 16px;\">&nbsp;</p>\n<p style=\"box-sizing: border-box; color: #333333; font-family: \'Open Sans\', Verdana; font-size: 16px;\">Call your doctor if your fever lasts more than three days, if you exhibit symptoms like disorientation and chest pain, or you have signs of a complication like pneumonia. Your doctor may perform a blood test to identify the specific virus that is causing your symptoms.</p>\n<p style=\"box-sizing: border-box; color: #333333; font-family: \'Open Sans\', Verdana; font-size: 16px;\">Expect your flu symptoms to begin improving within a week to 10 days. But even after you feel better, don\'t be surprised if some of your symptoms, especially a cough or fatigue, linger a little while longer.</p>','common cold');
/*!40000 ALTER TABLE `article` ENABLE KEYS */;
UNLOCK TABLES;

--
-- Table structure for table `comment`
--

DROP TABLE IF EXISTS `comment`;
/*!40101 SET @saved_cs_client     = @@character_set_client */;
/*!40101 SET character_set_client = utf8 */;
CREATE TABLE `comment` (
  `id` int(11) NOT NULL AUTO_INCREMENT,
  `user_id` int(10) unsigned DEFAULT NULL,
  `article_id` int(10) unsigned DEFAULT NULL,
  `time_stamp` datetime DEFAULT NULL,
  `content` text,
  PRIMARY KEY (`id`)
) ENGINE=InnoDB DEFAULT CHARSET=latin1;
/*!40101 SET character_set_client = @saved_cs_client */;

--
-- Dumping data for table `comment`
--

LOCK TABLES `comment` WRITE;
/*!40000 ALTER TABLE `comment` DISABLE KEYS */;
/*!40000 ALTER TABLE `comment` ENABLE KEYS */;
UNLOCK TABLES;

--
-- Table structure for table `disease`
--

DROP TABLE IF EXISTS `disease`;
/*!40101 SET @saved_cs_client     = @@character_set_client */;
/*!40101 SET character_set_client = utf8 */;
CREATE TABLE `disease` (
  `id` int(11) NOT NULL AUTO_INCREMENT,
  `name` varchar(50) DEFAULT NULL,
  `description` mediumtext,
  `department` varchar(50) DEFAULT NULL,
  PRIMARY KEY (`id`)
) ENGINE=InnoDB AUTO_INCREMENT=34 DEFAULT CHARSET=latin1;
/*!40101 SET character_set_client = @saved_cs_client */;

--
-- Dumping data for table `disease`
--

LOCK TABLES `disease` WRITE;
/*!40000 ALTER TABLE `disease` DISABLE KEYS */;
INSERT INTO `disease` VALUES (1,'Diabetes',' Diabetes is a disease cause by lack of insulin.','Endocrinology '),(3,'Radiation sickness','a collection of health effects that are present within 24 hours of exposure to high amounts of ionizing radiation.','Toxicology'),(4,'Hiv/aids','Acquired immune deficiency syndrome(AIDS) is a infectious syndrome caused by Human Immunodeficiency Virus(HIV). This fatal disease gradually weakens immune system,\nmaking people vulnerable. With the progress of infection, serious complications like cancer can happen, leading to death, if untreated.','Infectiology'),(5,'Malaria','<p>a mosquito-borne infectious disease affecting humans and other animals caused by parasitic protozoans (a group of single-celled microorganisms) belonging to the Plasmodium type. niubiisniubi</p>','Dermatology'),(6,'Rheumatoid arthritis',' a long-lasting autoimmune disorder that primarily affects joints, typically both parts of the body.','Rheumatology'),(7,'Lupus erythematosus','A name given to a collection of autoimmune diseases in which the human immune system becomes hyperactive and attacks healthy tissues.','Rheumatology'),(8,'Ankylosing spondylitis','A type of arthritis in which there is long term inflammation of the joints of the spine and pelvis.','Rheumatology'),(9,'Tuberculosis','An infectious disease caused by the bacterium Mycobacterium tuberculosis (MTB). MTB generally affects the lungs and often involves the formation of lung cavities.','Infectiology'),(10,'Rhabdomyolysis',' a specialty of medicine and pediatrics that concerns itself with the study of normal kidney function, kidney problems, \nthe treatment of kidney problems and renal replacement therapy (dialysis and kidney transplantation).','Nephrology'),(11,'Cataract',' A cataract is a clouding of the lens in the eye leading to a decrease in vision.','Ophthalmology'),(12,'Gastritis','Inflammation of the stomach lining caused by various factors like environment, irregular lifestyle, infections etc','Gastroenterology'),(17,'Obesity','A human body condition in which people\'s BMI(body mass index) is over 30kg/m^2.','Endocrinology'),(18,'Insomnia','A sleep disorder that a affects people\'s sleep quality and disturbs their daily life. It often involves difficulty in falling sleep and maintaning sleep\nsleep and other sleep stages.','Psychiatry'),(20,'Depression','<p style=\"margin: 0.5em 0px; line-height: inherit; color: #252525; font-family: sans-serif;\"><strong>Major depressive disorder</strong>&nbsp;(<strong>MDD</strong>), also known simply as&nbsp;<strong>depression</strong>, is a&nbsp;<a style=\"text-decoration: none; color: #0b0080; background-image: none; background-position: initial initial; background-repeat: initial initial;\" title=\"Mental disorder\" href=\"https://en.wikipedia.org/wiki/Mental_disorder\">mental disorder</a>&nbsp;characterized by at least two weeks of&nbsp;<a style=\"text-decoration: none; color: #0b0080; background-image: none; background-position: initial initial; background-repeat: initial initial;\" title=\"Depression (mood)\" href=\"https://en.wikipedia.org/wiki/Depression_(mood)\">low mood</a>&nbsp;that is present across most situations.<sup id=\"cite_ref-NIH2016_1-0\" class=\"reference\" style=\"line-height: 1; unicode-bidi: -webkit-isolate; white-space: nowrap; font-size: 11px;\"><a style=\"text-decoration: none; color: #0b0080; background-image: none;\" href=\"https://en.wikipedia.org/wiki/Major_depressive_disorder#cite_note-NIH2016-1\">[1]</a></sup>&nbsp;It is often accompanied by low&nbsp;<a style=\"text-decoration: none; color: #0b0080; background-image: none; background-position: initial initial; background-repeat: initial initial;\" title=\"Self-esteem\" href=\"https://en.wikipedia.org/wiki/Self-esteem\">self-esteem</a>,&nbsp;<a style=\"text-decoration: none; color: #0b0080; background-image: none; background-position: initial initial; background-repeat: initial initial;\" title=\"Anhedonia\" href=\"https://en.wikipedia.org/wiki/Anhedonia\">loss of interest</a>&nbsp;in normally enjoyable activities, low energy, and&nbsp;<a style=\"text-decoration: none; color: #0b0080; background-image: none; background-position: initial initial; background-repeat: initial initial;\" title=\"Pain\" href=\"https://en.wikipedia.org/wiki/Pain\">pain</a>&nbsp;without a clear cause.<sup id=\"cite_ref-NIH2016_1-1\" class=\"reference\" style=\"line-height: 1; unicode-bidi: -webkit-isolate; white-space: nowrap; font-size: 11px;\"><a style=\"text-decoration: none; color: #0b0080; background-image: none;\" href=\"https://en.wikipedia.org/wiki/Major_depressive_disorder#cite_note-NIH2016-1\">[1]</a></sup>&nbsp;People may also occasionally have&nbsp;<a class=\"mw-redirect\" style=\"text-decoration: none; color: #0b0080; background-image: none; background-position: initial initial; background-repeat: initial initial;\" title=\"Delusions\" href=\"https://en.wikipedia.org/wiki/Delusions\">false beliefs</a>&nbsp;or&nbsp;<a class=\"mw-redirect\" style=\"text-decoration: none; color: #0b0080; background-image: none; background-position: initial initial; background-repeat: initial initial;\" title=\"Hallucinations\" href=\"https://en.wikipedia.org/wiki/Hallucinations\">see or hear things that others cannot</a>.<sup id=\"cite_ref-NIH2016_1-2\" class=\"reference\" style=\"line-height: 1; unicode-bidi: -webkit-isolate; white-space: nowrap; font-size: 11px;\"><a style=\"text-decoration: none; color: #0b0080; background-image: none;\" href=\"https://en.wikipedia.org/wiki/Major_depressive_disorder#cite_note-NIH2016-1\">[1]</a></sup>&nbsp;Some people have periods of depression separated by years in which they are normal while others nearly always have symptoms present.<sup id=\"cite_ref-DSM5_2-0\" class=\"reference\" style=\"line-height: 1; unicode-bidi: -webkit-isolate; white-space: nowrap; font-size: 11px;\"><a style=\"text-decoration: none; color: #0b0080; background-image: none;\" href=\"https://en.wikipedia.org/wiki/Major_depressive_disorder#cite_note-DSM5-2\">[2]</a></sup>&nbsp;Major depressive disorder can negatively affects a person\'s family, work or school life, sleeping or eating habits, and general health.<sup id=\"cite_ref-NIH2016_1-3\" class=\"reference\" style=\"line-height: 1; unicode-bidi: -webkit-isolate; white-space: nowrap; font-size: 11px;\"><a style=\"text-decoration: none; color: #0b0080; background-image: none;\" href=\"https://en.wikipedia.org/wiki/Major_depressive_disorder#cite_note-NIH2016-1\">[1]</a></sup><sup id=\"cite_ref-DSM5_2-1\" class=\"reference\" style=\"line-height: 1; unicode-bidi: -webkit-isolate; white-space: nowrap; font-size: 11px;\"><a style=\"text-decoration: none; color: #0b0080; background-image: none;\" href=\"https://en.wikipedia.org/wiki/Major_depressive_disorder#cite_note-DSM5-2\">[2]</a></sup>&nbsp;Between 2-7% of adults with major depression die by&nbsp;<a style=\"text-decoration: none; color: #0b0080; background-image: none; background-position: initial initial; background-repeat: initial initial;\" title=\"Suicide\" href=\"https://en.wikipedia.org/wiki/Suicide\">suicide</a>,<sup id=\"cite_ref-3\" class=\"reference\" style=\"line-height: 1; unicode-bidi: -webkit-isolate; white-space: nowrap; font-size: 11px;\"><a style=\"text-decoration: none; color: #0b0080; background-image: none;\" href=\"https://en.wikipedia.org/wiki/Major_depressive_disorder#cite_note-3\">[3]</a></sup>&nbsp;and up to 60% of people who die by suicide had depression or another&nbsp;<a style=\"text-decoration: none; color: #0b0080; background-image: none; background-position: initial initial; background-repeat: initial initial;\" title=\"Mood disorder\" href=\"https://en.wikipedia.org/wiki/Mood_disorder\">mood disorder</a>.<sup id=\"cite_ref-4\" class=\"reference\" style=\"line-height: 1; unicode-bidi: -webkit-isolate; white-space: nowrap; font-size: 11px;\"><a style=\"text-decoration: none; color: #0b0080; background-image: none;\" href=\"https://en.wikipedia.org/wiki/Major_depressive_disorder#cite_note-4\">[4]</a></sup></p>\n<p style=\"margin: 0.5em 0px; line-height: inherit; color: #252525; font-family: sans-serif;\">The cause is believed to be a combination of&nbsp;<a style=\"text-decoration: none; color: #0b0080; background-image: none; background-position: initial initial; background-repeat: initial initial;\" title=\"Genetics\" href=\"https://en.wikipedia.org/wiki/Genetics\">genetic</a>, environmental, and psychological factors.<sup id=\"cite_ref-NIH2016_1-4\" class=\"reference\" style=\"line-height: 1; unicode-bidi: -webkit-isolate; white-space: nowrap; font-size: 11px;\"><a style=\"text-decoration: none; color: #0b0080; background-image: none;\" href=\"https://en.wikipedia.org/wiki/Major_depressive_disorder#cite_note-NIH2016-1\">[1]</a></sup>&nbsp;Risk factors include a family history of the condition, major life changes, certain medications,&nbsp;<a class=\"mw-redirect\" style=\"text-decoration: none; color: #0b0080; background-image: none; background-position: initial initial; background-repeat: initial initial;\" title=\"Chronic health problem\" href=\"https://en.wikipedia.org/wiki/Chronic_health_problem\">chronic health problems</a>, and&nbsp;<a style=\"text-decoration: none; color: #0b0080; background-image: none; background-position: initial initial; background-repeat: initial initial;\" title=\"Substance abuse\" href=\"https://en.wikipedia.org/wiki/Substance_abuse\">substance abuse</a>.<sup id=\"cite_ref-NIH2016_1-5\" class=\"reference\" style=\"line-height: 1; unicode-bidi: -webkit-isolate; white-space: nowrap; font-size: 11px;\"><a style=\"text-decoration: none; color: #0b0080; background-image: none;\" href=\"https://en.wikipedia.org/wiki/Major_depressive_disorder#cite_note-NIH2016-1\">[1]</a></sup><sup id=\"cite_ref-DSM5_2-2\" class=\"reference\" style=\"line-height: 1; unicode-bidi: -webkit-isolate; white-space: nowrap; font-size: 11px;\"><a style=\"text-decoration: none; color: #0b0080; background-image: none;\" href=\"https://en.wikipedia.org/wiki/Major_depressive_disorder#cite_note-DSM5-2\">[2]</a></sup>&nbsp;About 40% of the risk appears to be related to genetics.<sup id=\"cite_ref-DSM5_2-3\" class=\"reference\" style=\"line-height: 1; unicode-bidi: -webkit-isolate; white-space: nowrap; font-size: 11px;\"><a style=\"text-decoration: none; color: #0b0080; background-image: none;\" href=\"https://en.wikipedia.org/wiki/Major_depressive_disorder#cite_note-DSM5-2\">[2]</a></sup>&nbsp;The diagnosis of major depressive disorder is based on the person\'s reported experiences and a&nbsp;<a style=\"text-decoration: none; color: #0b0080; background-image: none; background-position: initial initial; background-repeat: initial initial;\" title=\"Mental status examination\" href=\"https://en.wikipedia.org/wiki/Mental_status_examination\">mental status examination</a>.<sup id=\"cite_ref-Pat2015_5-0\" class=\"reference\" style=\"line-height: 1; unicode-bidi: -webkit-isolate; white-space: nowrap; font-size: 11px;\"><a style=\"text-decoration: none; color: #0b0080; background-image: none;\" href=\"https://en.wikipedia.org/wiki/Major_depressive_disorder#cite_note-Pat2015-5\">[5]</a></sup>&nbsp;There is no laboratory test for major depression.<sup id=\"cite_ref-DSM5_2-4\" class=\"reference\" style=\"line-height: 1; unicode-bidi: -webkit-isolate; white-space: nowrap; font-size: 11px;\"><a style=\"text-decoration: none; color: #0b0080; background-image: none;\" href=\"https://en.wikipedia.org/wiki/Major_depressive_disorder#cite_note-DSM5-2\">[2]</a></sup>&nbsp;Testing, however, may be done to rule out physical conditions that can cause similar symptoms.<sup id=\"cite_ref-Pat2015_5-1\" class=\"reference\" style=\"line-height: 1; unicode-bidi: -webkit-isolate; white-space: nowrap; font-size: 11px;\"><a style=\"text-decoration: none; color: #0b0080; background-image: none;\" href=\"https://en.wikipedia.org/wiki/Major_depressive_disorder#cite_note-Pat2015-5\">[5]</a></sup>&nbsp;Major depression should be differentiated from&nbsp;<a style=\"text-decoration: none; color: #0b0080; background-image: none; background-position: initial initial; background-repeat: initial initial;\" title=\"Sadness\" href=\"https://en.wikipedia.org/wiki/Sadness\">sadness</a>&nbsp;which is a normal part of life and is less severe.<sup id=\"cite_ref-DSM5_2-5\" class=\"reference\" style=\"line-height: 1; unicode-bidi: -webkit-isolate; white-space: nowrap; font-size: 11px;\"><a style=\"text-decoration: none; color: #0b0080; background-image: none;\" href=\"https://en.wikipedia.org/wiki/Major_depressive_disorder#cite_note-DSM5-2\">[2]</a></sup>&nbsp;The&nbsp;<a style=\"text-decoration: none; color: #0b0080; background-image: none; background-position: initial initial; background-repeat: initial initial;\" title=\"United States Preventive Services Task Force\" href=\"https://en.wikipedia.org/wiki/United_States_Preventive_Services_Task_Force\">United States Preventive Services Task Force</a>&nbsp;(USPSTF) recommends screening for depression among those over the age 12,<sup id=\"cite_ref-US2016_6-0\" class=\"reference\" style=\"line-height: 1; unicode-bidi: -webkit-isolate; white-space: nowrap; font-size: 11px;\"><a style=\"text-decoration: none; color: #0b0080; background-image: none;\" href=\"https://en.wikipedia.org/wiki/Major_depressive_disorder#cite_note-US2016-6\">[6]</a></sup><sup id=\"cite_ref-US2016Peds_7-0\" class=\"reference\" style=\"line-height: 1; unicode-bidi: -webkit-isolate; white-space: nowrap; font-size: 11px;\"><a style=\"text-decoration: none; color: #0b0080; background-image: none;\" href=\"https://en.wikipedia.org/wiki/Major_depressive_disorder#cite_note-US2016Peds-7\">[7]</a></sup>&nbsp;while a prior&nbsp;<a class=\"mw-redirect\" style=\"text-decoration: none; color: #0b0080; background-image: none; background-position: initial initial; background-repeat: initial initial;\" title=\"Cochrane review\" href=\"https://en.wikipedia.org/wiki/Cochrane_review\">Cochrane review</a>&nbsp;found insufficient evidence for screening.<sup id=\"cite_ref-Gil2005_8-0\" class=\"reference\" style=\"line-height: 1; unicode-bidi: -webkit-isolate; white-space: nowrap; font-size: 11px;\"><a style=\"text-decoration: none; color: #0b0080; background-image: none;\" href=\"https://en.wikipedia.org/wiki/Major_depressive_disorder#cite_note-Gil2005-8\">[8]</a></sup></p>\n<p style=\"margin: 0.5em 0px; line-height: inherit; color: #252525; font-family: sans-serif;\">Typically, people are treated with&nbsp;<a style=\"text-decoration: none; color: #0b0080; background-image: none; background-position: initial initial; background-repeat: initial initial;\" title=\"Psychotherapy\" href=\"https://en.wikipedia.org/wiki/Psychotherapy\">counselling</a>&nbsp;and&nbsp;<a class=\"mw-redirect\" style=\"text-decoration: none; color: #0b0080; background-image: none; background-position: initial initial; background-repeat: initial initial;\" title=\"Antidepressant medication\" href=\"https://en.wikipedia.org/wiki/Antidepressant_medication\">antidepressant medication</a>.<sup id=\"cite_ref-NIH2016_1-6\" class=\"reference\" style=\"line-height: 1; unicode-bidi: -webkit-isolate; white-space: nowrap; font-size: 11px;\"><a style=\"text-decoration: none; color: #0b0080; background-image: none;\" href=\"https://en.wikipedia.org/wiki/Major_depressive_disorder#cite_note-NIH2016-1\">[1]</a></sup>&nbsp;Medication appears to be effective, but the effect may only be significant in the most severely depressed.<sup id=\"cite_ref-Fou2010_9-0\" class=\"reference\" style=\"line-height: 1; unicode-bidi: -webkit-isolate; white-space: nowrap; font-size: 11px;\"><a style=\"text-decoration: none; color: #0b0080; background-image: none;\" href=\"https://en.wikipedia.org/wiki/Major_depressive_disorder#cite_note-Fou2010-9\">[9]</a></sup><sup id=\"cite_ref-Kir2008_10-0\" class=\"reference\" style=\"line-height: 1; unicode-bidi: -webkit-isolate; white-space: nowrap; font-size: 11px;\"><a style=\"text-decoration: none; color: #0b0080; background-image: none;\" href=\"https://en.wikipedia.org/wiki/Major_depressive_disorder#cite_note-Kir2008-10\">[10]</a></sup>&nbsp;It is unclear whether medications affect the risk of suicide.<sup id=\"cite_ref-11\" class=\"reference\" style=\"line-height: 1; unicode-bidi: -webkit-isolate; white-space: nowrap; font-size: 11px;\"><a style=\"text-decoration: none; color: #0b0080; background-image: none;\" href=\"https://en.wikipedia.org/wiki/Major_depressive_disorder#cite_note-11\">[11]</a></sup>&nbsp;Types of counselling used include&nbsp;<a style=\"text-decoration: none; color: #0b0080; background-image: none; background-position: initial initial; background-repeat: initial initial;\" title=\"Cognitive behavioral therapy\" href=\"https://en.wikipedia.org/wiki/Cognitive_behavioral_therapy\">cognitive behavioral therapy</a>&nbsp;(CBT) and&nbsp;<a class=\"mw-redirect\" style=\"text-decoration: none; color: #0b0080; background-image: none; background-position: initial initial; background-repeat: initial initial;\" title=\"Interpersonal therapy\" href=\"https://en.wikipedia.org/wiki/Interpersonal_therapy\">interpersonal therapy</a>.<sup id=\"cite_ref-NIH2016_1-7\" class=\"reference\" style=\"line-height: 1; unicode-bidi: -webkit-isolate; white-space: nowrap; font-size: 11px;\"><a style=\"text-decoration: none; color: #0b0080; background-image: none;\" href=\"https://en.wikipedia.org/wiki/Major_depressive_disorder#cite_note-NIH2016-1\">[1]</a></sup><sup id=\"cite_ref-12\" class=\"reference\" style=\"line-height: 1; unicode-bidi: -webkit-isolate; white-space: nowrap; font-size: 11px;\"><a style=\"text-decoration: none; color: #0b0080; background-image: none;\" href=\"https://en.wikipedia.org/wiki/Major_depressive_disorder#cite_note-12\">[12]</a></sup>&nbsp;If other measures are not effective&nbsp;<a style=\"text-decoration: none; color: #0b0080; background-image: none; background-position: initial initial; background-repeat: initial initial;\" title=\"Electroconvulsive therapy\" href=\"https://en.wikipedia.org/wiki/Electroconvulsive_therapy\">electroconvulsive therapy</a>&nbsp;(ECT) may be tried.<sup id=\"cite_ref-NIH2016_1-8\" class=\"reference\" style=\"line-height: 1; unicode-bidi: -webkit-isolate; white-space: nowrap; font-size: 11px;\"><a style=\"text-decoration: none; color: #0b0080; background-image: none;\" href=\"https://en.wikipedia.org/wiki/Major_depressive_disorder#cite_note-NIH2016-1\">[1]</a></sup>&nbsp;Hospitalization may be necessary in cases with a risk of harm to self and may occasionally occur against a person\'s wishes.<sup id=\"cite_ref-13\" class=\"reference\" style=\"line-height: 1; unicode-bidi: -webkit-isolate; white-space: nowrap; font-size: 11px;\"><a style=\"text-decoration: none; color: #0b0080; background-image: none;\" href=\"https://en.wikipedia.org/wiki/Major_depressive_disorder#cite_note-13\">[13]</a></sup></p>\n<p style=\"margin: 0.5em 0px; line-height: inherit; color: #252525; font-family: sans-serif;\">Major depressive disorder affected approximately 253&nbsp;million (3.6%) of people in 2013.<sup id=\"cite_ref-GBD2015_14-0\" class=\"reference\" style=\"line-height: 1; unicode-bidi: -webkit-isolate; white-space: nowrap; font-size: 11px;\"><a style=\"text-decoration: none; color: #0b0080; background-image: none;\" href=\"https://en.wikipedia.org/wiki/Major_depressive_disorder#cite_note-GBD2015-14\">[14]</a></sup>&nbsp;The percentage of people who are affected at one point in their life varies from 7% in Japan to 21% in France.<sup id=\"cite_ref-Kes2013_15-0\" class=\"reference\" style=\"line-height: 1; unicode-bidi: -webkit-isolate; white-space: nowrap; font-size: 11px;\"><a style=\"text-decoration: none; color: #0b0080; background-image: none;\" href=\"https://en.wikipedia.org/wiki/Major_depressive_disorder#cite_note-Kes2013-15\">[15]</a></sup>&nbsp;Lifetime rates are higher in the&nbsp;<a class=\"mw-redirect\" style=\"text-decoration: none; color: #0b0080; background-image: none; background-position: initial initial; background-repeat: initial initial;\" title=\"Developed world\" href=\"https://en.wikipedia.org/wiki/Developed_world\">developed world</a>&nbsp;(15%) compared to the&nbsp;<a class=\"mw-redirect\" style=\"text-decoration: none; color: #0b0080; background-image: none; background-position: initial initial; background-repeat: initial initial;\" title=\"Developing world\" href=\"https://en.wikipedia.org/wiki/Developing_world\">developing world</a>&nbsp;(11%).<sup id=\"cite_ref-Kes2013_15-1\" class=\"reference\" style=\"line-height: 1; unicode-bidi: -webkit-isolate; white-space: nowrap; font-size: 11px;\"><a style=\"text-decoration: none; color: #0b0080; background-image: none;\" href=\"https://en.wikipedia.org/wiki/Major_depressive_disorder#cite_note-Kes2013-15\">[15]</a></sup>&nbsp;It causes the second most&nbsp;<a class=\"mw-redirect\" style=\"text-decoration: none; color: #0b0080; background-image: none; background-position: initial initial; background-repeat: initial initial;\" title=\"Years lived with disability\" href=\"https://en.wikipedia.org/wiki/Years_lived_with_disability\">years lived with disability</a>&nbsp;after&nbsp;<a style=\"text-decoration: none; color: #0b0080; background-image: none; background-position: initial initial; background-repeat: initial initial;\" title=\"Low back pain\" href=\"https://en.wikipedia.org/wiki/Low_back_pain\">low back pain</a>.<sup id=\"cite_ref-16\" class=\"reference\" style=\"line-height: 1; unicode-bidi: -webkit-isolate; white-space: nowrap; font-size: 11px;\"><a style=\"text-decoration: none; color: #0b0080; background-image: none;\" href=\"https://en.wikipedia.org/wiki/Major_depressive_disorder#cite_note-16\">[16]</a></sup>&nbsp;The most common time of onset is in a person in their 20s and 30s. Females are affected about twice as often as males.<sup id=\"cite_ref-DSM5_2-6\" class=\"reference\" style=\"line-height: 1; unicode-bidi: -webkit-isolate; white-space: nowrap; font-size: 11px;\"><a style=\"text-decoration: none; color: #0b0080; background-image: none;\" href=\"https://en.wikipedia.org/wiki/Major_depressive_disorder#cite_note-DSM5-2\">[2]</a></sup><sup id=\"cite_ref-Kes2013_15-2\" class=\"reference\" style=\"line-height: 1; unicode-bidi: -webkit-isolate; white-space: nowrap; font-size: 11px;\"><a style=\"text-decoration: none; color: #0b0080; background-image: none;\" href=\"https://en.wikipedia.org/wiki/Major_depressive_disorder#cite_note-Kes2013-15\">[15]</a></sup>&nbsp;The&nbsp;<a style=\"text-decoration: none; color: #0b0080; background-image: none; background-position: initial initial; background-repeat: initial initial;\" title=\"American Psychiatric Association\" href=\"https://en.wikipedia.org/wiki/American_Psychiatric_Association\">American Psychiatric Association</a>&nbsp;added \"major depressive disorder\" to the&nbsp;<em><a style=\"text-decoration: none; color: #0b0080; background-image: none; background-position: initial initial; background-repeat: initial initial;\" title=\"Diagnostic and Statistical Manual of Mental Disorders\" href=\"https://en.wikipedia.org/wiki/Diagnostic_and_Statistical_Manual_of_Mental_Disorders\">Diagnostic and Statistical Manual of Mental Disorders</a></em>&nbsp;(DSM-III) in 1980.<sup id=\"cite_ref-Her2008_17-0\" class=\"reference\" style=\"line-height: 1; unicode-bidi: -webkit-isolate; white-space: nowrap; font-size: 11px;\"><a style=\"text-decoration: none; color: #0b0080; background-image: none;\" href=\"https://en.wikipedia.org/wiki/Major_depressive_disorder#cite_note-Her2008-17\">[17]</a></sup>&nbsp;It was a split of the previous&nbsp;<a class=\"mw-redirect\" style=\"text-decoration: none; color: #0b0080; background-image: none; background-position: initial initial; background-repeat: initial initial;\" title=\"Depressive neurosis\" href=\"https://en.wikipedia.org/wiki/Depressive_neurosis\">depressive neurosis</a>&nbsp;in the DSM-II which also encompassed the conditions now known as&nbsp;<a style=\"text-decoration: none; color: #0b0080; background-image: none; background-position: initial initial; background-repeat: initial initial;\" title=\"Dysthymia\" href=\"https://en.wikipedia.org/wiki/Dysthymia\">dysthymia</a>&nbsp;and&nbsp;<a class=\"mw-redirect\" style=\"text-decoration: none; color: #0b0080; background-image: none; background-position: initial initial; background-repeat: initial initial;\" title=\"Adjustment disorder with depressed mood\" href=\"https://en.wikipedia.org/wiki/Adjustment_disorder_with_depressed_mood\">adjustment disorder with depressed mood</a>.<sup id=\"cite_ref-Her2008_17-1\" class=\"reference\" style=\"line-height: 1; unicode-bidi: -webkit-isolate; white-space: nowrap; font-size: 11px;\"><a style=\"text-decoration: none; color: #0b0080; background-image: none;\" href=\"https://en.wikipedia.org/wiki/Major_depressive_disorder#cite_note-Her2008-17\">[17]</a></sup>&nbsp;Those currently or previously affected may be&nbsp;<a style=\"text-decoration: none; color: #0b0080; background-image: none; background-position: initial initial; background-repeat: initial initial;\" title=\"Social stigma\" href=\"https://en.wikipedia.org/wiki/Social_stigma\">stigmatized</a>.<sup id=\"cite_ref-18\" class=\"reference\" style=\"line-height: 1; unicode-bidi: -webkit-isolate; white-space: nowrap; font-size: 11px;\"><a style=\"text-decoration: none; color: #0b0080; background-image: none;\" href=\"https://en.wikipedia.org/wiki/Major_depressive_disorder#cite_note-18\">[18]</a></sup></p>','Psychiatry'),(21,'Osteoporosis','style=\"margin: 0.5em 0px; line-height: inherit; color: #252525; font-family: sans-serif;\"><strong>Osteoporosis</strong>&nbsp;is a&nbsp;<a style=\"text-decoration: none; color: #0b0080; background: none;\" title=\"Disease\" href=\"https://en.wikipedia.org/wiki/Disease\">disease</a>&nbsp;where decreased bone strength increases the risk of a&nbsp;<a style=\"text-decoration: none; color: #0b0080; background: none;\" title=\"Bone fracture\" href=\"https://en.wikipedia.org/wiki/Bone_fracture\">broken bone</a>. It is the most common reason for a broken bone among&nbsp;<a style=\"text-decoration: none; color: #0b0080; background: none;\" title=\"Old age\" href=\"https://en.wikipedia.org/wiki/Old_age\">the elderly</a>.<sup id=\"cite_ref-NIH2014_3-0\" class=\"reference\" style=\"line-height: 1; unicode-bidi: isolate; white-space: nowrap; font-size: 12px;\"><a style=\"text-decoration: none; color: #0b0080; background: none;\" href=\"https://en.wikipedia.org/wiki/Osteoporosis#cite_note-NIH2014-3\">[3]</a></sup>&nbsp;Bones that commonly break include the&nbsp;<a class=\"mw-redirect\" style=\"text-decoration: none; color: #0b0080; background: none;\" title=\"Vertebrae\" href=\"https://en.wikipedia.org/wiki/Vertebrae\">back bones</a>, the bones of the&nbsp;<a style=\"text-decoration: none; color: #0b0080; background: none;\" title=\"Forearm\" href=\"https://en.wikipedia.org/wiki/Forearm\">forearm</a>, and the&nbsp;<a style=\"text-decoration: none; color: #0b0080; background: none;\" title=\"Hip\" href=\"https://en.wikipedia.org/wiki/Hip\">hip</a>.<sup id=\"cite_ref-Gol2015_4-0\" class=\"reference\" style=\"line-height: 1; unicode-bidi: isolate; white-space: nowrap; font-size: 12px;\"><a style=\"text-decoration: none; color: #0b0080; background: none;\" href=\"https://en.wikipedia.org/wiki/Osteoporosis#cite_note-Gol2015-4\">[4]</a></sup>&nbsp;Until a broken bone occurs there are typically no symptoms. Bones may weaken to such a degree that a break may occur with minor stress or spontaneously.&nbsp;<a style=\"text-decoration: none; color: #0b0080; background: none;\" title=\"Chronic pain\" href=\"https://en.wikipedia.org/wiki/Chronic_pain\">Chronic pain</a>&nbsp;and a decreased ability to carry out normal activities may occur following a broken bone.<sup id=\"cite_ref-NIH2014_3-1\" class=\"reference\" style=\"line-height: 1; unicode-bidi: isolate; white-space: nowrap; font-size: 12px;\"><a style=\"text-decoration: none; color: #0b0080; background: none;\" href=\"https://en.wikipedia.org/wiki/Osteoporosis#cite_note-NIH2014-3\">[3]</a></sup></p>\n<p style=\"margin: 0.5em 0px; line-height: inherit; color: #252525; font-family: sans-serif;\">Osteoporosis may be due to lower than normal&nbsp;<a style=\"text-decoration: none; color: #0b0080; background: none;\" title=\"Peak bone mass\" href=\"https://en.wikipedia.org/wiki/Peak_bone_mass\">peak bone mass</a>&nbsp;and greater than normal bone loss. Bone loss increases after&nbsp;<a style=\"text-decoration: none; color: #0b0080; background: none;\" title=\"Menopause\" href=\"https://en.wikipedia.org/wiki/Menopause\">menopause</a>&nbsp;due to lower levels of&nbsp;<a style=\"text-decoration: none; color: #0b0080; background: none;\" title=\"Estrogen\" href=\"https://en.wikipedia.org/wiki/Estrogen\">estrogen</a>. Osteoporosis may also occur due to a number of diseases or treatments including&nbsp;<a style=\"text-decoration: none; color: #0b0080; background: none;\" title=\"Alcoholism\" href=\"https://en.wikipedia.org/wiki/Alcoholism\">alcoholism</a>,&nbsp;<a style=\"text-decoration: none; color: #0b0080; background: none;\" title=\"Anorexia nervosa\" href=\"https://en.wikipedia.org/wiki/Anorexia_nervosa\">anorexia</a>,&nbsp;<a style=\"text-decoration: none; color: #0b0080; background: none;\" title=\"Hyperthyroidism\" href=\"https://en.wikipedia.org/wiki/Hyperthyroidism\">hyperthyroidism</a>,&nbsp;<a style=\"text-decoration: none; color: #0b0080; background: none;\" title=\"Oophorectomy\" href=\"https://en.wikipedia.org/wiki/Oophorectomy\">surgical removal of the ovaries</a>, and&nbsp;<a style=\"text-decoration: none; color: #0b0080; background: none;\" title=\"Kidney disease\" href=\"https://en.wikipedia.org/wiki/Kidney_disease\">kidney disease</a>. Certain medications increase the rate of bone loss including some&nbsp;<a class=\"mw-redirect\" style=\"text-decoration: none; color: #0b0080; background: none;\" title=\"Antiseizure medication\" href=\"https://en.wikipedia.org/wiki/Antiseizure_medication\">antiseizure medications</a>,&nbsp;<a style=\"text-decoration: none; color: #0b0080; background: none;\" title=\"Chemotherapy\" href=\"https://en.wikipedia.org/wiki/Chemotherapy\">chemotherapy</a>,&nbsp;<a class=\"mw-redirect\" style=\"text-decoration: none; color: #0b0080; background: none;\" title=\"Proton pump inhibitor\" href=\"https://en.wikipedia.org/wiki/Proton_pump_inhibitor\">proton pump inhibitors</a>,&nbsp;<a class=\"mw-redirect\" style=\"text-decoration: none; color: #0b0080; background: none;\" title=\"Selective serotonin reuptake inhibitors\" href=\"https://en.wikipedia.org/wiki/Selective_serotonin_reuptake_inhibitors\">selective serotonin reuptake inhibitors</a>, and&nbsp;<a style=\"text-decoration: none; color: #0b0080; background: none;\" title=\"Glucocorticoid\" href=\"https://en.wikipedia.org/wiki/Glucocorticoid\">steroids</a>. Not enough exercise and smoking are also risk factors.<sup id=\"cite_ref-NIH2014_3-2\" class=\"reference\" style=\"line-height: 1; unicode-bidi: isolate; white-space: nowrap; font-size: 12px;\"><a style=\"text-decoration: none; color: #0b0080; background: none;\" href=\"https://en.wikipedia.org/wiki/Osteoporosis#cite_note-NIH2014-3\">[3]</a></sup>Osteoporosis is defined as a&nbsp;<a style=\"text-decoration: none; color: #0b0080; background: none;\" title=\"Bone density\" href=\"https://en.wikipedia.org/wiki/Bone_density\">bone density</a>&nbsp;of 2.5&nbsp;<a style=\"text-decoration: none; color: #0b0080; background: none;\" title=\"Standard deviation\" href=\"https://en.wikipedia.org/wiki/Standard_deviation\">standard deviations</a>&nbsp;below that of a young adult.<sup id=\"cite_ref-WHOcriteria_5-0\" class=\"reference\" style=\"line-height: 1; unicode-bidi: isolate; white-space: nowrap; font-size: 12px;\"><a style=\"text-decoration: none; color: #0b0080; background: none;\" href=\"https://en.wikipedia.org/wiki/Osteoporosis#cite_note-WHOcriteria-5\">[5]</a></sup>&nbsp;This is typically measured by&nbsp;<a style=\"text-decoration: none; color: #0b0080; background: none;\" title=\"Dual-energy X-ray absorptiometry\" href=\"https://en.wikipedia.org/wiki/Dual-energy_X-ray_absorptiometry\">dual-energy X-ray absorptiometry</a>&nbsp;at the hip.<sup id=\"cite_ref-WHOcriteria_5-1\" class=\"reference\" style=\"line-height: 1; unicode-bidi: isolate; white-space: nowrap; font-size: 12px;\"><a style=\"text-decoration: none; color: #0b0080; background: none;\" href=\"https://en.wikipedia.org/wiki/Osteoporosis#cite_note-WHOcriteria-5\">[5]</a></sup></p>\n<p style=\"margin: 0.5em 0px; line-height: inherit; color: #252525; font-family: sans-serif;\">Prevention of osteoporosis includes a proper diet during childhood and efforts to avoid medications that cause the condition. Efforts to prevent broken bones in those with osteoporosis include a good diet, exercise, and&nbsp;<a style=\"text-decoration: none; color: #0b0080; background: none;\" title=\"Fall prevention\" href=\"https://en.wikipedia.org/wiki/Fall_prevention\">fall prevention</a>. Lifestyle changes such as stopping smoking and not drinking alcohol may help.<sup id=\"cite_ref-NIH2014_3-3\" class=\"reference\" style=\"line-height: 1; unicode-bidi: isolate; white-space: nowrap; font-size: 12px;\"><a style=\"text-decoration: none; color: #0b0080; background: none;\" href=\"https://en.wikipedia.org/wiki/Osteoporosis#cite_note-NIH2014-3\">[3]</a></sup>&nbsp;Medication of the&nbsp;<a style=\"text-decoration: none; color: #0b0080; background: none;\" title=\"Bisphosphonate\" href=\"https://en.wikipedia.org/wiki/Bisphosphonate\">bisphosphonate</a>type are useful in those with previous broken bones due to osteoporosis.<sup id=\"cite_ref-Wells2008_6-0\" class=\"reference\" style=\"line-height: 1; unicode-bidi: isolate; white-space: nowrap; font-size: 12px;\"><a style=\"text-decoration: none; color: #0b0080; background: none;\" href=\"https://en.wikipedia.org/wiki/Osteoporosis#cite_note-Wells2008-6\">[6]</a></sup><sup id=\"cite_ref-Wells2008a_7-0\" class=\"reference\" style=\"line-height: 1; unicode-bidi: isolate; white-space: nowrap; font-size: 12px;\"><a style=\"text-decoration: none; color: #0b0080; background: none;\" href=\"https://en.wikipedia.org/wiki/Osteoporosis#cite_note-Wells2008a-7\">[7]</a></sup>&nbsp;In those with osteoporosis but no previous broken bones they are less effective.<sup id=\"cite_ref-Wells2008_6-1\" class=\"reference\" style=\"line-height: 1; unicode-bidi: isolate; white-space: nowrap; font-size: 12px;\"><a style=\"text-decoration: none; color: #0b0080; background: none;\" href=\"https://en.wikipedia.org/wiki/Osteoporosis#cite_note-Wells2008-6\">[6]</a></sup><sup id=\"cite_ref-Wells2008a_7-1\" class=\"reference\" style=\"line-height: 1; unicode-bidi: isolate; white-space: nowrap; font-size: 12px;\"><a style=\"text-decoration: none; color: #0b0080; background: none;\" href=\"https://en.wikipedia.org/wiki/Osteoporosis#cite_note-Wells2008a-7\">[7]</a></sup><sup id=\"cite_ref-Wells2008b_8-0\" class=\"reference\" style=\"line-height: 1; unicode-bidi: isolate; white-space: nowrap; font-size: 12px;\"><a style=\"text-decoration: none; color: #0b0080; background: none;\" href=\"https://en.wikipedia.org/wiki/Osteoporosis#cite_note-Wells2008b-8\">[8]</a></sup>&nbsp;A number of other medications may also be useful.<sup id=\"cite_ref-NIH2014_3-4\" class=\"reference\" style=\"line-height: 1; unicode-bidi: isolate; white-space: nowrap; font-size: 12px;\"><a style=\"text-decoration: none; color: #0b0080; background: none;\" href=\"https://en.wikipedia.org/wiki/Osteoporosis#cite_note-NIH2014-3\">[3]</a></sup><sup id=\"cite_ref-9\" class=\"reference\" style=\"line-height: 1; unicode-bidi: isolate; white-space: nowrap; font-size: 12px;\"><a style=\"text-decoration: none; color: #0b0080; background: none;\" href=\"https://en.wikipedia.org/wiki/Osteoporosis#cite_note-9\">[9]</a></sup>','Osteology'),(24,'Periodontitis','<p><strong style=\"color: #252525; font-family: sans-serif;\">Periodontitis</strong><span style=\"color: #252525; font-family: sans-serif;\">, also known as&nbsp;</span><strong style=\"color: #252525; font-family: sans-serif;\">pyorrhea</strong><span style=\"color: #252525; font-family: sans-serif;\">, is a set of inflammatory&nbsp;</span><a style=\"text-decoration: none; color: #0b0080; background-image: none; background-position: initial; background-size: initial; background-repeat: initial; background-attachment: initial; background-origin: initial; background-clip: initial; font-family: sans-serif;\" title=\"Disease\" href=\"https://en.wikipedia.org/wiki/Disease\">diseases</a><span style=\"color: #252525; font-family: sans-serif;\">&nbsp;affecting the&nbsp;</span><a style=\"text-decoration: none; color: #0b0080; background-image: none; background-position: initial; background-size: initial; background-repeat: initial; background-attachment: initial; background-origin: initial; background-clip: initial; font-family: sans-serif;\" title=\"Periodontium\" href=\"https://en.wikipedia.org/wiki/Periodontium\">periodontium</a><span style=\"color: #252525; font-family: sans-serif;\">, i.e., the tissues that surround and support the&nbsp;</span><a style=\"text-decoration: none; color: #0b0080; background-image: none; background-position: initial; background-size: initial; background-repeat: initial; background-attachment: initial; background-origin: initial; background-clip: initial; font-family: sans-serif;\" title=\"Tooth\" href=\"https://en.wikipedia.org/wiki/Tooth\">teeth</a><span style=\"color: #252525; font-family: sans-serif;\">. Periodontitis involves progressive loss of the&nbsp;</span><a class=\"mw-redirect\" style=\"text-decoration: none; color: #0b0080; background-image: none; background-position: initial; background-size: initial; background-repeat: initial; background-attachment: initial; background-origin: initial; background-clip: initial; font-family: sans-serif;\" title=\"Alveolar bone\" href=\"https://en.wikipedia.org/wiki/Alveolar_bone\">alveolar bone</a><span style=\"color: #252525; font-family: sans-serif;\">&nbsp;around the teeth, and if left untreated, can lead to the loosening and subsequent&nbsp;</span><a style=\"text-decoration: none; color: #0b0080; background-image: none; background-position: initial; background-size: initial; background-repeat: initial; background-attachment: initial; background-origin: initial; background-clip: initial; font-family: sans-serif;\" title=\"Tooth loss\" href=\"https://en.wikipedia.org/wiki/Tooth_loss\">loss of teeth</a><span style=\"color: #252525; font-family: sans-serif;\">. Periodontitis is caused by&nbsp;</span><a style=\"text-decoration: none; color: #0b0080; background-image: none; background-position: initial; background-size: initial; background-repeat: initial; background-attachment: initial; background-origin: initial; background-clip: initial; font-family: sans-serif;\" title=\"Microorganism\" href=\"https://en.wikipedia.org/wiki/Microorganism\">microorganisms</a><span style=\"color: #252525; font-family: sans-serif;\">&nbsp;that adhere to and grow on the tooth\'s surfaces, along with an over-aggressive&nbsp;</span><a class=\"mw-redirect\" style=\"text-decoration: none; color: #0b0080; background-image: none; background-position: initial; background-size: initial; background-repeat: initial; background-attachment: initial; background-origin: initial; background-clip: initial; font-family: sans-serif;\" title=\"Immune\" href=\"https://en.wikipedia.org/wiki/Immune\">immune</a><span style=\"color: #252525; font-family: sans-serif;\">&nbsp;response against these microorganisms. A diagnosis of periodontitis is established by inspecting the&nbsp;</span><a class=\"mw-redirect\" style=\"text-decoration: none; color: #0b0080; background-image: none; background-position: initial; background-size: initial; background-repeat: initial; background-attachment: initial; background-origin: initial; background-clip: initial; font-family: sans-serif;\" title=\"Gingiva\" href=\"https://en.wikipedia.org/wiki/Gingiva\">soft gum tissues</a><span style=\"color: #252525; font-family: sans-serif;\">&nbsp;around the teeth with a&nbsp;</span><a style=\"text-decoration: none; color: #0b0080; background-image: none; background-position: initial; background-size: initial; background-repeat: initial; background-attachment: initial; background-origin: initial; background-clip: initial; font-family: sans-serif;\" title=\"Periodontal probe\" href=\"https://en.wikipedia.org/wiki/Periodontal_probe\">probe</a><span style=\"color: #252525; font-family: sans-serif;\">&nbsp;(i.e., a clinical examination) and by evaluating the patient\'s&nbsp;</span><a class=\"mw-redirect\" style=\"text-decoration: none; color: #0b0080; background-image: none; background-position: initial; background-size: initial; background-repeat: initial; background-attachment: initial; background-origin: initial; background-clip: initial; font-family: sans-serif;\" title=\"Radiograph\" href=\"https://en.wikipedia.org/wiki/Radiograph\">X-ray films</a><span style=\"color: #252525; font-family: sans-serif;\">&nbsp;(i.e., a radiographic examination), to determine the amount of bone loss around the teeth.</span><sup id=\"cite_ref-1\" class=\"reference\" style=\"line-height: 1; unicode-bidi: isolate; white-space: nowrap; font-size: 12px; color: #252525; font-family: sans-serif;\"><a style=\"text-decoration: none; color: #0b0080; background: none;\" href=\"https://en.wikipedia.org/wiki/Periodontitis#cite_note-1\">[1]</a></sup><span style=\"color: #252525; font-family: sans-serif;\">&nbsp;Specialists in the treatment of periodontitis are&nbsp;</span><a class=\"mw-redirect\" style=\"text-decoration: none; color: #0b0080; background-image: none; background-position: initial; background-size: initial; background-repeat: initial; background-attachment: initial; background-origin: initial; background-clip: initial; font-family: sans-serif;\" title=\"Periodontist\" href=\"https://en.wikipedia.org/wiki/Periodontist\">periodontists</a><span style=\"color: #252525; font-family: sans-serif;\">; their field is known as \"periodontology\" or \"periodontics\".</span></p>\n<p style=\"margin: 0.5em 0px; line-height: inherit; color: #252525; font-family: sans-serif;\">n the early stages, periodontitis has very few symptoms, and in many individuals the disease has progressed significantly before they seek treatment.</p>\n<p style=\"margin: 0.5em 0px; line-height: inherit; color: #252525; font-family: sans-serif;\">Symptoms may include:</p>\n<ul style=\"margin: 0.3em 0px 0px 1.6em; padding: 0px; color: #252525; font-family: sans-serif;\">\n<li style=\"margin-bottom: 0.1em;\">Redness or bleeding of gums while brushing&nbsp;<a style=\"text-decoration: none; color: #0b0080; background: none;\" title=\"Tooth\" href=\"https://en.wikipedia.org/wiki/Tooth\">teeth</a>, using&nbsp;<a style=\"text-decoration: none; color: #0b0080; background: none;\" title=\"Dental floss\" href=\"https://en.wikipedia.org/wiki/Dental_floss\">dental floss</a>&nbsp;or biting into hard food (e.g., apples) (though this may occur even in gingivitis, where there is no attachment loss)</li>\n<li style=\"margin-bottom: 0.1em;\">Gum swelling that recurs</li>\n<li style=\"margin-bottom: 0.1em;\">Spitting out blood after brushing teeth</li>\n<li style=\"margin-bottom: 0.1em;\"><a style=\"text-decoration: none; color: #0b0080; background: none;\" title=\"Halitosis\" href=\"https://en.wikipedia.org/wiki/Halitosis\">Halitosis</a>, or bad breath, and a persistent metallic taste in the mouth</li>\n<li style=\"margin-bottom: 0.1em;\">Gingival recession, resulting in apparent lengthening of teeth. (This may also be caused by heavy-handed brushing or with a stiff tooth brush.)</li>\n<li style=\"margin-bottom: 0.1em;\">Deep pockets between the teeth and the gums (<a class=\"mw-redirect\" style=\"text-decoration: none; color: #0b0080; background: none;\" title=\"Gingival and periodontal pockets\" href=\"https://en.wikipedia.org/wiki/Gingival_and_periodontal_pockets\">pockets</a>&nbsp;are sites where the attachment has been gradually destroyed by collagen-destroying enzymes, known as&nbsp;<a class=\"mw-redirect\" style=\"text-decoration: none; color: #0b0080; background: none;\" title=\"Collagenases\" href=\"https://en.wikipedia.org/wiki/Collagenases\">collagenases</a>)</li>\n<li style=\"margin-bottom: 0.1em;\">Loose teeth, in the later stages (though this may occur for other&nbsp;<a style=\"text-decoration: none; color: #0b0080; background: none;\" title=\"Occlusal trauma\" href=\"https://en.wikipedia.org/wiki/Occlusal_trauma\">reasons</a>, as well)</li>\n</ul>\n<p style=\"margin: 0.5em 0px; line-height: inherit; color: #252525; font-family: sans-serif;\">Patients should realize gingival inflammation and bone destruction are largely painless. Hence, people may wrongly assume painless bleeding after teeth cleaning is insignificant, although this may be a symptom of progressing periodontitis in that patient.</p>\n<p>&nbsp;</p>','Dentistry'),(25,'Migraine','<p dir=\"ltr\" style=\"line-height: 1.38; margin-top: 6pt; margin-bottom: 6pt;\"><span style=\"font-size: 14px; font-family: Arial; color: #252525; background-color: transparent; font-weight: bold; font-style: normal; font-variant: normal; text-decoration: none; vertical-align: baseline; white-space: pre-wrap;\">Migraine</span><span style=\"font-size: 14px; font-family: Arial; color: #252525; background-color: transparent; font-weight: 400; font-style: normal; font-variant: normal; text-decoration: none; vertical-align: baseline; white-space: pre-wrap;\"> is a primary headache disorder characterized by recurrent headaches that are moderate to severe. Typically, the headaches affect one half of the head, are pulsating in nature, and last from two to 72 hours. Associated symptoms may include nausea, vomiting, and sensitivity to light, </span><a style=\"text-decoration: none;\" href=\"https://en.wikipedia.org/wiki/Hyperacusis\"><span style=\"font-size: 14px; font-family: Arial; color: #0b0080; background-color: transparent; font-weight: 400; font-style: normal; font-variant: normal; text-decoration: none; vertical-align: baseline; white-space: pre-wrap;\">sound</span></a><span style=\"font-size: 14px; font-family: Arial; color: #252525; background-color: transparent; font-weight: 400; font-style: normal; font-variant: normal; text-decoration: none; vertical-align: baseline; white-space: pre-wrap;\">, or </span><a style=\"text-decoration: none;\" href=\"https://en.wikipedia.org/wiki/Osmophobia\"><span style=\"font-size: 14px; font-family: Arial; color: #0b0080; background-color: transparent; font-weight: 400; font-style: normal; font-variant: normal; text-decoration: none; vertical-align: baseline; white-space: pre-wrap;\">smell</span></a><span style=\"font-size: 14px; font-family: Arial; color: #252525; background-color: transparent; font-weight: 400; font-style: normal; font-variant: normal; text-decoration: none; vertical-align: baseline; white-space: pre-wrap;\">.The pain is generally made worse by physical activity. Up to one-third of people have an </span><a style=\"text-decoration: none;\" href=\"https://en.wikipedia.org/wiki/Aura_(symptom)\"><span style=\"font-size: 14px; font-family: Arial; color: #0b0080; background-color: transparent; font-weight: 400; font-style: normal; font-variant: normal; text-decoration: none; vertical-align: baseline; white-space: pre-wrap;\">aura</span></a><span style=\"font-size: 14px; font-family: Arial; color: #252525; background-color: transparent; font-weight: 400; font-style: normal; font-variant: normal; text-decoration: none; vertical-align: baseline; white-space: pre-wrap;\">: typically a short period of visual disturbance which signals that the headache will soon occur. Occasionally, an aura can occur with little or no headache following it.</span></p>\n<p dir=\"ltr\" style=\"line-height: 1.38; margin-top: 6pt; margin-bottom: 6pt;\">&nbsp;</p>\n<p dir=\"ltr\" style=\"line-height: 1.38; margin-top: 6pt; margin-bottom: 6pt;\">&nbsp;</p>\n<p dir=\"ltr\" style=\"line-height: 1.38; margin-top: 6pt; margin-bottom: 6pt;\"><span style=\"font-size: 14px; font-family: Arial; color: #252525; background-color: transparent; font-weight: 400; font-style: normal; font-variant: normal; text-decoration: none; vertical-align: baseline; white-space: pre-wrap;\">Migraines are believed to be due to a mixture of environmental and genetic factors. About two-thirds of cases run in families. Changing hormone levels may also play a role, as migraines affect slightly more boys than girls before puberty and two to three times more women than men.The risk of migraines usually decreases during pregnancy.The underlying mechanisms are not fully known. It is, however, believed to involve the nerves and blood vessels of the brain.</span></p>\n<p dir=\"ltr\" style=\"line-height: 1.38; margin-top: 6pt; margin-bottom: 6pt;\">&nbsp;</p>\n<p dir=\"ltr\" style=\"line-height: 1.38; margin-top: 6pt; margin-bottom: 6pt;\">&nbsp;</p>\n<p dir=\"ltr\" style=\"line-height: 1.38; margin-top: 6pt; margin-bottom: 6pt;\"><span style=\"font-size: 14px; font-family: Arial; color: #252525; background-color: transparent; font-weight: 400; font-style: normal; font-variant: normal; text-decoration: none; vertical-align: baseline; white-space: pre-wrap;\">Initial recommended </span><a style=\"text-decoration: none;\" href=\"https://en.wikipedia.org/wiki/Migraine_treatment\"><span style=\"font-size: 14px; font-family: Arial; color: #0b0080; background-color: transparent; font-weight: 400; font-style: normal; font-variant: normal; text-decoration: none; vertical-align: baseline; white-space: pre-wrap;\">treatment</span></a><span style=\"font-size: 14px; font-family: Arial; color: #252525; background-color: transparent; font-weight: 400; font-style: normal; font-variant: normal; text-decoration: none; vertical-align: baseline; white-space: pre-wrap;\"> is with simple pain medication such as ibuprofen and paracetamol (acetaminophen) for the headache, medication for the nausea, and the avoidance of triggers.Specific medications such as </span><a style=\"text-decoration: none;\" href=\"https://en.wikipedia.org/wiki/Triptan\"><span style=\"font-size: 14px; font-family: Arial; color: #0b0080; background-color: transparent; font-weight: 400; font-style: normal; font-variant: normal; text-decoration: none; vertical-align: baseline; white-space: pre-wrap;\">triptans</span></a><span style=\"font-size: 14px; font-family: Arial; color: #252525; background-color: transparent; font-weight: 400; font-style: normal; font-variant: normal; text-decoration: none; vertical-align: baseline; white-space: pre-wrap;\"> or ergotamines may be used in those for whom simple pain medications are not effective. Caffeine may be added to the above. A number of medications are useful to prevent attacks including metoprolol, valproate, and topiramate.</span></p>\n<p dir=\"ltr\" style=\"line-height: 1.38; margin-top: 6pt; margin-bottom: 6pt;\">&nbsp;</p>\n<p dir=\"ltr\" style=\"line-height: 1.38; margin-top: 6pt; margin-bottom: 6pt;\">&nbsp;</p>\n<p dir=\"ltr\" style=\"line-height: 1.38; margin-top: 6pt; margin-bottom: 6pt;\"><span style=\"font-size: 14px; font-family: Arial; color: #252525; background-color: transparent; font-weight: 400; font-style: normal; font-variant: normal; text-decoration: none; vertical-align: baseline; white-space: pre-wrap;\">Globally, approximately 15% of people are affected by migraines.It most often starts at puberty and is worst during middle age. In some women they become less common following menopause An early description consistent with migraines is contained in the Ebers papyrus, written around 1500 BCE in ancient Egypt.The word \"migraine\" is from the Greek ?&mu;&iota;&kappa;&rho;&alpha;&nu;?&alpha; (</span><span style=\"font-size: 14px; font-family: Arial; color: #252525; background-color: transparent; font-weight: 400; font-style: italic; font-variant: normal; text-decoration: none; vertical-align: baseline; white-space: pre-wrap;\">hemikrania</span><span style=\"font-size: 14px; font-family: Arial; color: #252525; background-color: transparent; font-weight: 400; font-style: normal; font-variant: normal; text-decoration: none; vertical-align: baseline; white-space: pre-wrap;\">), \"pain on one side of the head\", from ?&mu;&iota;- (</span><span style=\"font-size: 14px; font-family: Arial; color: #252525; background-color: transparent; font-weight: 400; font-style: italic; font-variant: normal; text-decoration: none; vertical-align: baseline; white-space: pre-wrap;\">hemi-</span><span style=\"font-size: 14px; font-family: Arial; color: #252525; background-color: transparent; font-weight: 400; font-style: normal; font-variant: normal; text-decoration: none; vertical-align: baseline; white-space: pre-wrap;\">), \"half\", and &kappa;&rho;&alpha;&nu;?&omicron;&nu; (</span><span style=\"font-size: 14px; font-family: Arial; color: #252525; background-color: transparent; font-weight: 400; font-style: italic; font-variant: normal; text-decoration: none; vertical-align: baseline; white-space: pre-wrap;\">kranion</span><span style=\"font-size: 14px; font-family: Arial; color: #252525; background-color: transparent; font-weight: 400; font-style: normal; font-variant: normal; text-decoration: none; vertical-align: baseline; white-space: pre-wrap;\">), \"skull\".</span></p>\n<p style=\"font-family: Arial, sans-serif; margin: 0px 0px 24px; padding: 0px; line-height: 1.5em; color: #111111; font-size: 16px;\">&nbsp;</p>\n<div dir=\"ltr\" style=\"line-height: 1.38; margin-top: 0pt; margin-bottom: 0pt;\">&nbsp;</div>','Neurology'),(29,NULL,'<p>a mosquito-borne infectious disease affecting humans and other animals caused by parasitic protozoans (a group of single-celled microorganisms) belonging to the Plasmodium type. lllllklklklklklklk</p>',''),(30,NULL,'<p>a mosquito-borne infectious disease affecting humans and other animals caused by parasitic protozoans (a group of single-celled microorganisms) belonging to the Plasmodium type.kkkkkkkkk</p>',''),(32,'tooshuai','<p>Too handsome to niubi.</p>','General'),(33,'common cold','<p style=\"margin: 0.5em 0px; line-height: inherit; color: #252525; font-family: sans-serif;\"><strong>Common cold</strong>, also known simply as a&nbsp;<strong>cold</strong>, is a&nbsp;<a style=\"text-decoration: none; color: #0b0080; background: none;\" title=\"Virus\" href=\"https://en.wikipedia.org/wiki/Virus\">viral</a>&nbsp;<a class=\"mw-redirect\" style=\"text-decoration: none; color: #0b0080; background: none;\" title=\"Infectious disease\" href=\"https://en.wikipedia.org/wiki/Infectious_disease\">infectious disease</a>&nbsp;of the&nbsp;<a class=\"mw-redirect\" style=\"text-decoration: none; color: #0b0080; background: none;\" title=\"Upper respiratory tract\" href=\"https://en.wikipedia.org/wiki/Upper_respiratory_tract\">upper respiratory tract</a>&nbsp;that primarily affects the&nbsp;<a style=\"text-decoration: none; color: #0b0080; background: none;\" title=\"Nose\" href=\"https://en.wikipedia.org/wiki/Nose\">nose</a>.<sup id=\"cite_ref-CE11_2-0\" class=\"reference\" style=\"line-height: 1; unicode-bidi: isolate; white-space: nowrap; font-size: 11.2px;\"><a style=\"text-decoration: none; color: #0b0080; background: none;\" href=\"https://en.wikipedia.org/wiki/Common_cold#cite_note-CE11-2\">[2]</a></sup>&nbsp;The&nbsp;<a style=\"text-decoration: none; color: #0b0080; background: none;\" title=\"Throat\" href=\"https://en.wikipedia.org/wiki/Throat\">throat</a>,&nbsp;<a class=\"mw-redirect\" style=\"text-decoration: none; color: #0b0080; background: none;\" title=\"Sinuses\" href=\"https://en.wikipedia.org/wiki/Sinuses\">sinuses</a>, and&nbsp;<a style=\"text-decoration: none; color: #0b0080; background: none;\" title=\"Larynx\" href=\"https://en.wikipedia.org/wiki/Larynx\">voice box</a>&nbsp;may also be affected.<sup id=\"cite_ref-CMAJ2014_3-0\" class=\"reference\" style=\"line-height: 1; unicode-bidi: isolate; white-space: nowrap; font-size: 11.2px;\"><a style=\"text-decoration: none; color: #0b0080; background: none;\" href=\"https://en.wikipedia.org/wiki/Common_cold#cite_note-CMAJ2014-3\">[3]</a></sup>&nbsp;Signs and symptoms may begin less than two days following exposure.<sup id=\"cite_ref-CMAJ2014_3-1\" class=\"reference\" style=\"line-height: 1; unicode-bidi: isolate; white-space: nowrap; font-size: 11.2px;\"><a style=\"text-decoration: none; color: #0b0080; background: none;\" href=\"https://en.wikipedia.org/wiki/Common_cold#cite_note-CMAJ2014-3\">[3]</a></sup>&nbsp;They include&nbsp;<a style=\"text-decoration: none; color: #0b0080; background: none;\" title=\"Cough\" href=\"https://en.wikipedia.org/wiki/Cough\">coughing</a>,&nbsp;<a style=\"text-decoration: none; color: #0b0080; background: none;\" title=\"Sore throat\" href=\"https://en.wikipedia.org/wiki/Sore_throat\">sore throat</a>,&nbsp;<a style=\"text-decoration: none; color: #0b0080; background: none;\" title=\"Rhinorrhea\" href=\"https://en.wikipedia.org/wiki/Rhinorrhea\">runny nose</a>,&nbsp;<a style=\"text-decoration: none; color: #0b0080; background: none;\" title=\"Sneeze\" href=\"https://en.wikipedia.org/wiki/Sneeze\">sneezing</a>, headache, and&nbsp;<a style=\"text-decoration: none; color: #0b0080; background: none;\" title=\"Fever\" href=\"https://en.wikipedia.org/wiki/Fever\">fever</a>.<sup id=\"cite_ref-CDC2015_4-0\" class=\"reference\" style=\"line-height: 1; unicode-bidi: isolate; white-space: nowrap; font-size: 11.2px;\"><a style=\"text-decoration: none; color: #0b0080; background: none;\" href=\"https://en.wikipedia.org/wiki/Common_cold#cite_note-CDC2015-4\">[4]</a></sup><sup id=\"cite_ref-Eccles2005_5-0\" class=\"reference\" style=\"line-height: 1; unicode-bidi: isolate; white-space: nowrap; font-size: 11.2px;\"><a style=\"text-decoration: none; color: #0b0080; background: none;\" href=\"https://en.wikipedia.org/wiki/Common_cold#cite_note-Eccles2005-5\">[5]</a></sup>&nbsp;People usually recover in seven to ten days.<sup id=\"cite_ref-CDC2015_4-1\" class=\"reference\" style=\"line-height: 1; unicode-bidi: isolate; white-space: nowrap; font-size: 11.2px;\"><a style=\"text-decoration: none; color: #0b0080; background: none;\" href=\"https://en.wikipedia.org/wiki/Common_cold#cite_note-CDC2015-4\">[4]</a></sup>&nbsp;Some symptoms may last up to three weeks.<sup id=\"cite_ref-Heik2003_6-0\" class=\"reference\" style=\"line-height: 1; unicode-bidi: isolate; white-space: nowrap; font-size: 11.2px;\"><a style=\"text-decoration: none; color: #0b0080; background: none;\" href=\"https://en.wikipedia.org/wiki/Common_cold#cite_note-Heik2003-6\">[6]</a></sup>&nbsp;In those with other health problems,&nbsp;<a style=\"text-decoration: none; color: #0b0080; background: none;\" title=\"Pneumonia\" href=\"https://en.wikipedia.org/wiki/Pneumonia\">pneumonia</a>&nbsp;may occasionally develop.<sup id=\"cite_ref-CDC2015_4-2\" class=\"reference\" style=\"line-height: 1; unicode-bidi: isolate; white-space: nowrap; font-size: 11.2px;\"><a style=\"text-decoration: none; color: #0b0080; background: none;\" href=\"https://en.wikipedia.org/wiki/Common_cold#cite_note-CDC2015-4\">[4]</a></sup></p>\n<p style=\"margin: 0.5em 0px; line-height: inherit; color: #252525; font-family: sans-serif;\">Well over 200 virus strains are implicated in the cause of the common cold; the&nbsp;<a style=\"text-decoration: none; color: #0b0080; background: none;\" title=\"Rhinovirus\" href=\"https://en.wikipedia.org/wiki/Rhinovirus\">rhinoviruses</a>&nbsp;are the most common.<sup id=\"cite_ref-CDC2015Full_7-0\" class=\"reference\" style=\"line-height: 1; unicode-bidi: isolate; white-space: nowrap; font-size: 11.2px;\"><a style=\"text-decoration: none; color: #0b0080; background: none;\" href=\"https://en.wikipedia.org/wiki/Common_cold#cite_note-CDC2015Full-7\">[7]</a></sup>&nbsp;They spread through the air during close contact with infected people and indirectly through contact with objects in the environment followed by transfer to the mouth or nose.<sup id=\"cite_ref-CDC2015_4-3\" class=\"reference\" style=\"line-height: 1; unicode-bidi: isolate; white-space: nowrap; font-size: 11.2px;\"><a style=\"text-decoration: none; color: #0b0080; background: none;\" href=\"https://en.wikipedia.org/wiki/Common_cold#cite_note-CDC2015-4\">[4]</a></sup>&nbsp;Risk factors include going to&nbsp;<a class=\"mw-redirect\" style=\"text-decoration: none; color: #0b0080; background: none;\" title=\"Daycare\" href=\"https://en.wikipedia.org/wiki/Daycare\">daycare</a>, not sleeping well, and&nbsp;<a style=\"text-decoration: none; color: #0b0080; background: none;\" title=\"Psychological stress\" href=\"https://en.wikipedia.org/wiki/Psychological_stress\">psychological stress</a>.<sup id=\"cite_ref-CMAJ2014_3-2\" class=\"reference\" style=\"line-height: 1; unicode-bidi: isolate; white-space: nowrap; font-size: 11.2px;\"><a style=\"text-decoration: none; color: #0b0080; background: none;\" href=\"https://en.wikipedia.org/wiki/Common_cold#cite_note-CMAJ2014-3\">[3]</a></sup>&nbsp;Symptoms are mostly due to the body\'s&nbsp;<a class=\"mw-redirect\" style=\"text-decoration: none; color: #0b0080; background: none;\" title=\"Immune\" href=\"https://en.wikipedia.org/wiki/Immune\">immune</a>&nbsp;response to the infection rather than to tissue destruction by the viruses themselves.<sup id=\"cite_ref-E112_8-0\" class=\"reference\" style=\"line-height: 1; unicode-bidi: isolate; white-space: nowrap; font-size: 11.2px;\"><a style=\"text-decoration: none; color: #0b0080; background: none;\" href=\"https://en.wikipedia.org/wiki/Common_cold#cite_note-E112-8\">[8]</a></sup>&nbsp;People with&nbsp;<a style=\"text-decoration: none; color: #0b0080; background: none;\" title=\"Influenza\" href=\"https://en.wikipedia.org/wiki/Influenza\">influenza</a>&nbsp;often show similar symptoms as people with a cold, though symptoms are usually more severe in the former.<sup id=\"cite_ref-CMAJ2014_3-3\" class=\"reference\" style=\"line-height: 1; unicode-bidi: isolate; white-space: nowrap; font-size: 11.2px;\"><a style=\"text-decoration: none; color: #0b0080; background: none;\" href=\"https://en.wikipedia.org/wiki/Common_cold#cite_note-CMAJ2014-3\">[3]</a></sup></p>\n<p style=\"margin: 0.5em 0px; line-height: inherit; color: #252525; font-family: sans-serif;\">There is no vaccine for the common cold. The primary methods of prevention are&nbsp;<a style=\"text-decoration: none; color: #0b0080; background: none;\" title=\"Hand washing\" href=\"https://en.wikipedia.org/wiki/Hand_washing\">hand washing</a>; not touching the eyes, nose or mouth with unwashed hands; and staying away from other sick people.<sup id=\"cite_ref-CDC2015_4-4\" class=\"reference\" style=\"line-height: 1; unicode-bidi: isolate; white-space: nowrap; font-size: 11.2px;\"><a style=\"text-decoration: none; color: #0b0080; background: none;\" href=\"https://en.wikipedia.org/wiki/Common_cold#cite_note-CDC2015-4\">[4]</a></sup>&nbsp;Some evidence supports the use of face masks.<sup id=\"cite_ref-E209_9-0\" class=\"reference\" style=\"line-height: 1; unicode-bidi: isolate; white-space: nowrap; font-size: 11.2px;\"><a style=\"text-decoration: none; color: #0b0080; background: none;\" href=\"https://en.wikipedia.org/wiki/Common_cold#cite_note-E209-9\">[9]</a></sup>&nbsp;No cure for the common cold exists, but the symptoms can be treated.<sup id=\"cite_ref-CDC2015_4-5\" class=\"reference\" style=\"line-height: 1; unicode-bidi: isolate; white-space: nowrap; font-size: 11.2px;\"><a style=\"text-decoration: none; color: #0b0080; background: none;\" href=\"https://en.wikipedia.org/wiki/Common_cold#cite_note-CDC2015-4\">[4]</a></sup>&nbsp;<a style=\"text-decoration: none; color: #0b0080; background: none;\" title=\"Nonsteroidal anti-inflammatory drug\" href=\"https://en.wikipedia.org/wiki/Nonsteroidal_anti-inflammatory_drug\">Nonsteroidal anti-inflammatory drugs</a>&nbsp;(NSAIDs) such as&nbsp;<a style=\"text-decoration: none; color: #0b0080; background: none;\" title=\"Ibuprofen\" href=\"https://en.wikipedia.org/wiki/Ibuprofen\">ibuprofen</a>&nbsp;may help with pain.<sup id=\"cite_ref-10\" class=\"reference\" style=\"line-height: 1; unicode-bidi: isolate; white-space: nowrap; font-size: 11.2px;\"><a style=\"text-decoration: none; color: #0b0080; background: none;\" href=\"https://en.wikipedia.org/wiki/Common_cold#cite_note-10\">[10]</a></sup><a class=\"mw-redirect\" style=\"text-decoration: none; color: #0b0080; background: none;\" title=\"Antibiotic\" href=\"https://en.wikipedia.org/wiki/Antibiotic\">Antibiotics</a>&nbsp;should not be used.<sup id=\"cite_ref-11\" class=\"reference\" style=\"line-height: 1; unicode-bidi: isolate; white-space: nowrap; font-size: 11.2px;\"><a style=\"text-decoration: none; color: #0b0080; background: none;\" href=\"https://en.wikipedia.org/wiki/Common_cold#cite_note-11\">[11]</a></sup>&nbsp;Evidence does not support a benefit from&nbsp;<a style=\"text-decoration: none; color: #0b0080; background: none;\" title=\"Cough medicine\" href=\"https://en.wikipedia.org/wiki/Cough_medicine\">cough medicines</a>.<sup id=\"cite_ref-CMAJ2014_3-4\" class=\"reference\" style=\"line-height: 1; unicode-bidi: isolate; white-space: nowrap; font-size: 11.2px;\"><a style=\"text-decoration: none; color: #0b0080; background: none;\" href=\"https://en.wikipedia.org/wiki/Common_cold#cite_note-CMAJ2014-3\">[3]</a></sup></p>\n<p style=\"margin: 0.5em 0px; line-height: inherit; color: #252525; font-family: sans-serif;\">The common cold is the most frequent infectious disease in humans.<sup id=\"cite_ref-E1_12-0\" class=\"reference\" style=\"line-height: 1; unicode-bidi: isolate; white-space: nowrap; font-size: 11.2px;\"><a style=\"text-decoration: none; color: #0b0080; background: none;\" href=\"https://en.wikipedia.org/wiki/Common_cold#cite_note-E1-12\">[12]</a></sup>&nbsp;The average adult gets two to four colds a year, while the average child may get six to eight.<sup id=\"cite_ref-AFP07_13-0\" class=\"reference\" style=\"line-height: 1; unicode-bidi: isolate; white-space: nowrap; font-size: 11.2px;\"><a style=\"text-decoration: none; color: #0b0080; background: none;\" href=\"https://en.wikipedia.org/wiki/Common_cold#cite_note-AFP07-13\">[13]</a></sup>&nbsp;They occur more commonly during the winter.<sup id=\"cite_ref-CDC2015_4-6\" class=\"reference\" style=\"line-height: 1; unicode-bidi: isolate; white-space: nowrap; font-size: 11.2px;\"><a style=\"text-decoration: none; color: #0b0080; background: none;\" href=\"https://en.wikipedia.org/wiki/Common_cold#cite_note-CDC2015-4\">[4]</a></sup>&nbsp;These infections have been with humanity since ancient times.<sup id=\"cite_ref-Eccles_p._3_14-0\" class=\"reference\" style=\"line-height: 1; unicode-bidi: isolate; white-space: nowrap; font-size: 11.2px;\"><a style=\"text-decoration: none; color: #0b0080; background: none;\" href=\"https://en.wikipedia.org/wiki/Common_cold#cite_note-Eccles_p._3-14\">[14]</a></sup></p>','General');
/*!40000 ALTER TABLE `disease` ENABLE KEYS */;
UNLOCK TABLES;

--
-- Table structure for table `disease_symptom`
--

DROP TABLE IF EXISTS `disease_symptom`;
/*!40101 SET @saved_cs_client     = @@character_set_client */;
/*!40101 SET character_set_client = utf8 */;
CREATE TABLE `disease_symptom` (
  `tag_id` int(11) DEFAULT NULL,
  `disease_id` int(11) DEFAULT NULL
) ENGINE=InnoDB DEFAULT CHARSET=latin1;
/*!40101 SET character_set_client = @saved_cs_client */;

--
-- Dumping data for table `disease_symptom`
--

LOCK TABLES `disease_symptom` WRITE;
/*!40000 ALTER TABLE `disease_symptom` DISABLE KEYS */;
INSERT INTO `disease_symptom` VALUES (22,11),(23,11),(24,11),(26,1),(27,1),(28,1),(29,1),(33,12),(34,17),(45,9),(46,9),(25,3),(33,3),(38,3),(48,18),(51,20),(52,20),(53,20),(54,20),(55,21),(56,21),(57,21),(42,24),(43,24),(59,24),(49,25),(50,25),(58,25),(38,25),(46,29),(33,29),(26,29),(42,29),(60,29),(50,31),(33,31),(47,31),(25,31),(26,31),(30,31),(36,31),(38,31),(25,5),(26,5),(30,5),(48,5),(51,5),(52,5),(63,5),(63,32),(64,32),(25,33),(36,33),(38,33),(39,33);
/*!40000 ALTER TABLE `disease_symptom` ENABLE KEYS */;
UNLOCK TABLES;

--
-- Table structure for table `symptom`
--

DROP TABLE IF EXISTS `symptom`;
/*!40101 SET @saved_cs_client     = @@character_set_client */;
/*!40101 SET character_set_client = utf8 */;
CREATE TABLE `symptom` (
  `id` int(11) NOT NULL AUTO_INCREMENT,
  `name` varchar(50) DEFAULT NULL,
  `department` varchar(50) DEFAULT NULL,
  PRIMARY KEY (`id`)
) ENGINE=InnoDB AUTO_INCREMENT=65 DEFAULT CHARSET=latin1;
/*!40101 SET character_set_client = @saved_cs_client */;

--
-- Dumping data for table `symptom`
--

LOCK TABLES `symptom` WRITE;
/*!40000 ALTER TABLE `symptom` DISABLE KEYS */;
INSERT INTO `symptom` VALUES (22,'faded colors','Ophthalmology'),(23,'blurry vision','Ophthalmology'),(24,'halos around light','Ophthalmology'),(25,'fever','General'),(26,'weight loss','General'),(27,'polyuria','Endocrinology'),(28,'polydipsia','Endocrinology'),(29,'polyphagia','Endocrinology'),(30,'fatigue','General'),(31,'malaise','General'),(32,'night sweats','General'),(33,'nausea','Gastroenterology'),(34,'overweight','Endocrinology'),(36,'cough','General'),(37,'sneezing','General'),(38,'headache','General'),(39,'sore throat','General'),(40,'runny nose','General'),(41,'muscle pain','General'),(42,'toothache','Dentistry'),(43,'tooth cavity','Dentistry'),(44,'	hair loss','Dermatology'),(45,'	chest pain','General'),(46,'hemoptysis','Pulmonology'),(47,'diarrhea','Gastroenterology'),(48,'sleep difficulty','Psychiatry'),(49,'sensitive to light','Neurology'),(50,'aura','Neurology'),(51,'low self-esteem','Psychiatry'),(52,'loss of interest','Psychiatry'),(53,'low energy','Psychiatry'),(54,'undiagnosed pain','Psychiatry'),(56,'chronic bone pain','Osteology'),(58,'visual disturbance','Neurology'),(59,'loss of teeth','Dentistry'),(61,'awesometag','Osteology'),(63,'niubi','General'),(64,'handsome','General');
/*!40000 ALTER TABLE `symptom` ENABLE KEYS */;
UNLOCK TABLES;

--
-- Table structure for table `user`
--

DROP TABLE IF EXISTS `user`;
/*!40101 SET @saved_cs_client     = @@character_set_client */;
/*!40101 SET character_set_client = utf8 */;
CREATE TABLE `user` (
  `id` int(11) NOT NULL AUTO_INCREMENT,
  `username` varchar(20) DEFAULT NULL,
  `password` varchar(128) DEFAULT NULL,
  `email` varchar(50) DEFAULT NULL,
  `authority` varchar(20) DEFAULT NULL,
  PRIMARY KEY (`id`)
) ENGINE=InnoDB AUTO_INCREMENT=18 DEFAULT CHARSET=latin1;
/*!40101 SET character_set_client = @saved_cs_client */;

--
-- Dumping data for table `user`
--

LOCK TABLES `user` WRITE;
/*!40000 ALTER TABLE `user` DISABLE KEYS */;
INSERT INTO `user` VALUES (13,'test_account1','f6beff36214e620c2281cd5f8686','wu689@purdue.edu','2'),(14,'chang289','c182d0d2834ec147d77c94e28460a6b5','chang289@purdue.edu','0'),(15,'turissssa','60662fb07b4788195ae7fcf3ba86be','sage60150947@gmail.com','2'),(16,'chang2892','c1f249457b0a6cdf2e5029c03cd0a','111','0'),(17,'chang2893','c1f249457b0a6cdf2e5029c03cd0a','changketao233@gmail.com','0');
/*!40000 ALTER TABLE `user` ENABLE KEYS */;
UNLOCK TABLES;

--
-- Table structure for table `user_favouritearticle`
--

DROP TABLE IF EXISTS `user_favouritearticle`;
/*!40101 SET @saved_cs_client     = @@character_set_client */;
/*!40101 SET character_set_client = utf8 */;
CREATE TABLE `user_favouritearticle` (
  `user_id` int(10) unsigned DEFAULT NULL,
  `article_id` int(10) unsigned DEFAULT NULL
) ENGINE=InnoDB DEFAULT CHARSET=latin1;
/*!40101 SET character_set_client = @saved_cs_client */;

--
-- Dumping data for table `user_favouritearticle`
--

LOCK TABLES `user_favouritearticle` WRITE;
/*!40000 ALTER TABLE `user_favouritearticle` DISABLE KEYS */;
INSERT INTO `user_favouritearticle` VALUES (13,9),(13,0);
/*!40000 ALTER TABLE `user_favouritearticle` ENABLE KEYS */;
UNLOCK TABLES;
/*!40103 SET TIME_ZONE=@OLD_TIME_ZONE */;

/*!40101 SET SQL_MODE=@OLD_SQL_MODE */;
/*!40014 SET FOREIGN_KEY_CHECKS=@OLD_FOREIGN_KEY_CHECKS */;
/*!40014 SET UNIQUE_CHECKS=@OLD_UNIQUE_CHECKS */;
/*!40101 SET CHARACTER_SET_CLIENT=@OLD_CHARACTER_SET_CLIENT */;
/*!40101 SET CHARACTER_SET_RESULTS=@OLD_CHARACTER_SET_RESULTS */;
/*!40101 SET COLLATION_CONNECTION=@OLD_COLLATION_CONNECTION */;
/*!40111 SET SQL_NOTES=@OLD_SQL_NOTES */;

-- Dump completed on 2016-12-07 23:21:11
